Question,SQL Query
List all product lines.,SELECT * FROM productlines;
Find the product name and buy price of all products.,"SELECT productName, buyPrice FROM products;"
Show all employees' first and last names.,"SELECT firstName, lastName FROM employees;"
Find the total number of orders made by each customer.,"SELECT customerNumber, COUNT(orderNumber) AS totalOrders FROM orders GROUP BY customerNumber;"
"List the customers who have a credit limit higher than $50,000.","SELECT customerName, creditLimit FROM customers WHERE creditLimit > 50000;"
Display the employees who do not report to anyone.,"SELECT firstName, lastName FROM employees WHERE reportsTo IS NULL;"
Find all orders placed by customers in the 'USA'.,"SELECT o.orderNumber, c.customerName FROM orders o JOIN customers c ON o.customerNumber = c.customerNumber WHERE c.country = 'USA';"
Get the list of products that have 'Classic Cars' in the product line.,SELECT productName FROM products WHERE productLine = 'Classic Cars';
Show the details of the office located in 'San Francisco'.,SELECT * FROM offices WHERE city = 'San Francisco';
Find the total payment received from customer number 103.,SELECT SUM(amount) AS totalPayments FROM payments WHERE customerNumber = 103;
List all orders with their associated customer's name and the employee who handled the sale.,"SELECT o.orderNumber, c.customerName, e.firstName, e.lastName FROM orders o JOIN customers c ON o.customerNumber = c.customerNumber JOIN employees e ON c.salesRepEmployeeNumber = e.employeeNumber;"
Find the employees who work in the 'Boston' office.,"SELECT firstName, lastName FROM employees WHERE officeCode = (SELECT officeCode FROM offices WHERE city = 'Boston');"
Show the number of products in each product line.,"SELECT productLine, COUNT(productCode) AS numProducts FROM products GROUP BY productLine;"
Find the average credit limit of customers by country.,"SELECT country, AVG(creditLimit) AS avgCreditLimit FROM customers GROUP BY country;"
Display the names of all customers who have not made any orders.,SELECT customerName FROM customers WHERE customerNumber NOT IN (SELECT customerNumber FROM orders);
List all products that have less than 100 units in stock.,"SELECT productName, quantityInStock FROM products WHERE quantityInStock < 100;"
Show all payments made in the year 2023.,SELECT * FROM payments WHERE YEAR(paymentDate) = 2023;
Get the names of all employees who have the title 'Sales Rep'.,"SELECT firstName, lastName FROM employees WHERE jobTitle = 'Sales Rep';"
Find the most expensive product in each product line.,"SELECT productLine, productName, MAX(buyPrice) AS maxPrice FROM products GROUP BY productLine;"
List all customers served by employee number 1370.,SELECT customerName FROM customers WHERE salesRepEmployeeNumber = 1370;
Find the total number of products ordered in each order.,"SELECT orderNumber, SUM(quantityOrdered) AS totalProducts FROM orderdetails GROUP BY orderNumber;"
Show all products with a price above $50 and below $100.,"SELECT productName, buyPrice FROM products WHERE buyPrice BETWEEN 50 AND 100;"
Find the total amount paid by each customer.,"SELECT customerNumber, SUM(amount) AS totalPaid FROM payments GROUP BY customerNumber;"
List all employees who work in offices located in the 'USA'.,"SELECT firstName, lastName FROM employees WHERE officeCode IN (SELECT officeCode FROM offices WHERE country = 'USA');"
Display the name and contact information of customers who have placed more than 5 orders.,"SELECT c.customerName, c.phone FROM customers c WHERE c.customerNumber IN (SELECT customerNumber FROM orders GROUP BY customerNumber HAVING COUNT(orderNumber) > 5);"
Get the list of all products that belong to the 'Ships' product line and are priced above $100.,SELECT productName FROM products WHERE productLine = 'Ships' AND buyPrice > 100;
Find the employee who manages the most number of customers.,"SELECT e.firstName, e.lastName FROM employees e JOIN customers c ON e.employeeNumber = c.salesRepEmployeeNumber GROUP BY e.employeeNumber ORDER BY COUNT(c.customerNumber) DESC LIMIT 1;"
Show the top 3 most expensive products in the database.,"SELECT productName, buyPrice FROM products ORDER BY buyPrice DESC LIMIT 3;"
Find the total revenue generated by each product.,"SELECT productCode, SUM(quantityOrdered * priceEach) AS totalRevenue FROM orderdetails GROUP BY productCode;"
Display the product lines that do not have any associated products.,SELECT productLine FROM productlines WHERE productLine NOT IN (SELECT DISTINCT productLine FROM products);
Get the total number of employees who report directly to employee number 1002.,SELECT COUNT(employeeNumber) AS numReports FROM employees WHERE reportsTo = 1002;
Show all orders that were shipped after the required date.,"SELECT orderNumber, shippedDate, requiredDate FROM orders WHERE shippedDate > requiredDate;"
Find the total amount of payments received in the month of June 2024.,SELECT SUM(amount) AS totalPayments FROM payments WHERE MONTH(paymentDate) = 6 AND YEAR(paymentDate) = 2024;
List all products ordered in order number 10123.,SELECT p.productName FROM products p JOIN orderdetails o ON p.productCode = o.productCode WHERE o.orderNumber = 10123;
Display the cities where the offices are located.,SELECT DISTINCT city FROM offices;
Find the employee who has the most subordinates.,"SELECT e.firstName, e.lastName FROM employees e WHERE e.employeeNumber IN (SELECT reportsTo FROM employees GROUP BY reportsTo ORDER BY COUNT(employeeNumber) DESC LIMIT 1);"
List all customers whose last name is 'Johnson'.,SELECT customerName FROM customers WHERE contactLastName = 'Johnson';
Show the details of the products that are ordered more than 500 units in total.,"SELECT p.productName, SUM(o.quantityOrdered) AS totalOrdered FROM products p JOIN orderdetails o ON p.productCode = o.productCode GROUP BY p.productCode HAVING totalOrdered > 500;"
Find the average number of products in stock for each product line.,"SELECT productLine, AVG(quantityInStock) AS avgStock FROM products GROUP BY productLine;"
Get the names of employees who have an email ending with 'classicmodelcars.com'.,"SELECT firstName, lastName FROM employees WHERE email LIKE '%classicmodelcars.com';"
Show the details of the office with the highest number of employees.,SELECT o.* FROM offices o JOIN employees e ON o.officeCode = e.officeCode GROUP BY o.officeCode ORDER BY COUNT(e.employeeNumber) DESC LIMIT 1;
Find the customers who have a phone number that starts with '(212)'.,SELECT customerName FROM customers WHERE phone LIKE '(212)%';
Display the product name and price of all products with an MSRP above $100.,"SELECT productName, MSRP FROM products WHERE MSRP > 100;"
Find the employee with the longest tenure at the company.,"SELECT firstName, lastName FROM employees ORDER BY hireDate ASC LIMIT 1;"
List all customers in 'New York' who have placed at least one order.,SELECT c.customerName FROM customers c WHERE c.city = 'New York' AND c.customerNumber IN (SELECT customerNumber FROM orders);
Show all orders that have no comments associated with them.,SELECT orderNumber FROM orders WHERE comments IS NULL;
Find the total quantity of products ordered by customer number 119.,SELECT SUM(quantityOrdered) AS totalQuantity FROM orderdetails WHERE orderNumber IN (SELECT orderNumber FROM orders WHERE customerNumber = 119);
List all employees who have 'Manager' in their job title.,"SELECT firstName, lastName FROM employees WHERE jobTitle LIKE '%Manager%';"
Show the details of the products with the lowest quantity in stock.,SELECT * FROM products ORDER BY quantityInStock ASC LIMIT 1;
Find the average payment amount for each customer.,"SELECT customerNumber, AVG(amount) AS avgPayment FROM payments GROUP BY customerNumber;"
Display the names of employees who work in the same office as employee number 1370.,"SELECT firstName, lastName FROM employees WHERE officeCode = (SELECT officeCode FROM employees WHERE employeeNumber = 1370);"
Show all customers who have not been assigned a sales representative.,SELECT customerName FROM customers WHERE salesRepEmployeeNumber IS NULL;
Find the product line with the highest average product price.,"SELECT productLine, AVG(buyPrice) AS avgPrice FROM products GROUP BY productLine ORDER BY avgPrice DESC LIMIT 1;"
List the orders that were made by customers from 'Canada'.,SELECT o.orderNumber FROM orders o JOIN customers c ON o.customerNumber = c.customerNumber WHERE c.country = 'Canada';
Get the names of all products with 'Car' in the name.,SELECT productName FROM products WHERE productName LIKE '%Car%';
Find the employees who report to employee number 1102.,"SELECT firstName, lastName FROM employees WHERE reportsTo = 1102;"
Show the total revenue generated by each product line.,"SELECT p.productLine, SUM(o.quantityOrdered * o.priceEach) AS totalRevenue FROM products p JOIN orderdetails o ON p.productCode = o.productCode GROUP BY p.productLine;"
List the names of customers who placed orders in the year 2023.,SELECT DISTINCT c.customerName FROM customers c JOIN orders o ON c.customerNumber = o.customerNumber WHERE YEAR(o.orderDate) = 2023;
Display the average credit limit of customers from each country.,"SELECT country, AVG(creditLimit) AS avgCreditLimit FROM customers GROUP BY country;"
Find the employee who reports to the fewest number of people.,"SELECT firstName, lastName FROM employees WHERE reportsTo IS NOT NULL ORDER BY employeeNumber ASC LIMIT 1;"
Show all products that are in the 'Trains' product line and have less than 50 units in stock.,SELECT productName FROM products WHERE productLine = 'Trains' AND quantityInStock < 50;
Find the orders that were placed in the month of December.,SELECT * FROM orders WHERE MONTH(orderDate) = 12;
List the employees who have been with the company for more than 10 years.,"SELECT firstName, lastName FROM employees WHERE YEAR(CURDATE()) - YEAR(hireDate) > 10;"
Show the details of all customers in 'California'.,SELECT * FROM customers WHERE state = 'California';
Get the names of the products that have not been ordered in the past year.,SELECT productName FROM products WHERE productCode NOT IN (SELECT productCode FROM orderdetails WHERE YEAR(orderDate) = YEAR(CURDATE()) - 1);
Find the employee who manages the largest number of employees.,"SELECT firstName, lastName FROM employees WHERE employeeNumber IN (SELECT reportsTo FROM employees GROUP BY reportsTo ORDER BY COUNT(employeeNumber) DESC LIMIT 1);"
Display the names of customers whose credit limit is below the average credit limit.,SELECT customerName FROM customers WHERE creditLimit < (SELECT AVG(creditLimit) FROM customers);
List the details of the highest-paying customer.,SELECT * FROM customers WHERE customerNumber = (SELECT customerNumber FROM payments GROUP BY customerNumber ORDER BY SUM(amount) DESC LIMIT 1);
Show all orders that have been shipped but not yet paid for.,SELECT o.orderNumber FROM orders o WHERE o.shippedDate IS NOT NULL AND o.orderNumber NOT IN (SELECT DISTINCT orderNumber FROM payments);
Find the total amount of payments received from each customer in 'Germany'.,"SELECT customerNumber, SUM(amount) AS totalPayments FROM payments WHERE customerNumber IN (SELECT customerNumber FROM customers WHERE country = 'Germany') GROUP BY customerNumber;"
List the names of employees who have not handled any sales.,"SELECT firstName, lastName FROM employees WHERE employeeNumber NOT IN (SELECT DISTINCT salesRepEmployeeNumber FROM customers);"
Display the details of all orders that were placed before '2024-01-01'.,SELECT * FROM orders WHERE orderDate < '2024-01-01';
Find the product with the highest markup (difference between MSRP and buy price).,"SELECT productName, MSRP - buyPrice AS markup FROM products ORDER BY markup DESC LIMIT 1;"
List the offices that have not been assigned any employees.,SELECT * FROM offices WHERE officeCode NOT IN (SELECT DISTINCT officeCode FROM employees);
"Show the details of all customers who have placed orders with a total value greater than $10,000.",SELECT c.* FROM customers c WHERE c.customerNumber IN (SELECT customerNumber FROM orders o JOIN orderdetails od ON o.orderNumber = od.orderNumber GROUP BY o.customerNumber HAVING SUM(od.quantityOrdered * od.priceEach) > 10000);
Find the products that are sold at a price lower than the average price.,SELECT productName FROM products WHERE buyPrice < (SELECT AVG(buyPrice) FROM products);
Display the employees who are 'Sales Reps' and work in the 'Boston' office.,"SELECT firstName, lastName FROM employees WHERE jobTitle = 'Sales Rep' AND officeCode = (SELECT officeCode FROM offices WHERE city = 'Boston');"
Get the total number of products sold in each country.,"SELECT c.country, SUM(od.quantityOrdered) AS totalSold FROM customers c JOIN orders o ON c.customerNumber = o.customerNumber JOIN orderdetails od ON o.orderNumber = od.orderNumber GROUP BY c.country;"
Find the product lines that have an average product price above $100.,"SELECT productLine, AVG(buyPrice) AS avgPrice FROM products GROUP BY productLine HAVING avgPrice > 100;"
List the employees who have more than 5 years of tenure and are 'Sales Reps'.,"SELECT firstName, lastName FROM employees WHERE jobTitle = 'Sales Rep' AND YEAR(CURDATE()) - YEAR(hireDate) > 5;"
Show all customers who have made payments but have not placed any orders.,SELECT c.customerName FROM customers c WHERE c.customerNumber IN (SELECT DISTINCT p.customerNumber FROM payments p) AND c.customerNumber NOT IN (SELECT DISTINCT o.customerNumber FROM orders o);
What is the total number of products in each product line?,"SELECT productLine, COUNT(*) AS total_products FROM products GROUP BY productLine;"
What is the average quantity in stock for each product line?,"SELECT productLine, AVG(quantityInStock) AS avg_quantity FROM products GROUP BY productLine;"
What is the total value of all products in stock for each product line?,"SELECT productLine, SUM(quantityInStock * buyPrice) AS total_value FROM products GROUP BY productLine;"
What is the average MSRP for products in each product line?,"SELECT productLine, AVG(MSRP) AS avg_msrp FROM products GROUP BY productLine;"
How many customers are assigned to each sales representative?,"SELECT salesRepEmployeeNumber, COUNT(*) AS total_customers FROM customers GROUP BY salesRepEmployeeNumber;"
What is the total amount of payments received from each customer?,"SELECT customerNumber, SUM(amount) AS total_payments FROM payments GROUP BY customerNumber;"
What is the average payment amount for each customer?,"SELECT customerNumber, AVG(amount) AS avg_payment FROM payments GROUP BY customerNumber;"
What is the total number of orders placed by each customer?,"SELECT customerNumber, COUNT(*) AS total_orders FROM orders GROUP BY customerNumber;"
What is the average order value for each customer?,"SELECT customerNumber, AVG(total_value) AS avg_order_value FROM (SELECT customerNumber, SUM(quantityOrdered * priceEach) AS total_value FROM orders o JOIN orderdetails od ON o.orderNumber = od.orderNumber GROUP BY o.orderNumber) AS order_values GROUP BY customerNumber;"
What is the total value of orders placed by each customer?,"SELECT customerNumber, SUM(quantityOrdered * priceEach) AS total_order_value FROM orders o JOIN orderdetails od ON o.orderNumber = od.orderNumber GROUP BY customerNumber;"
What is the total number of orders for each product?,"SELECT productCode, COUNT(*) AS total_orders FROM orderdetails GROUP BY productCode;"
What is the total quantity ordered for each product?,"SELECT productCode, SUM(quantityOrdered) AS total_quantity FROM orderdetails GROUP BY productCode;"
What is the average order quantity for each product?,"SELECT productCode, AVG(quantityOrdered) AS avg_quantity FROM orderdetails GROUP BY productCode;"
What is the total revenue generated by each product?,"SELECT productCode, SUM(quantityOrdered * priceEach) AS total_revenue FROM orderdetails GROUP BY productCode;"
What is the total revenue generated by each product line?,"SELECT p.productLine, SUM(od.quantityOrdered * od.priceEach) AS total_revenue FROM products p JOIN orderdetails od ON p.productCode = od.productCode GROUP BY p.productLine;"
What is the average revenue generated per order?,SELECT AVG(total_revenue) AS avg_revenue FROM (SELECT SUM(quantityOrdered * priceEach) AS total_revenue FROM orderdetails GROUP BY orderNumber) AS order_revenues;
What is the total revenue generated by each office?,"SELECT o.officeCode, SUM(od.quantityOrdered * od.priceEach) AS total_revenue FROM offices o JOIN employees e ON o.officeCode = e.officeCode JOIN customers c ON e.employeeNumber = c.salesRepEmployeeNumber JOIN orders o ON c.customerNumber = o.customerNumber JOIN orderdetails od ON o.orderNumber = od.orderNumber GROUP BY o.officeCode;"
What is the total revenue generated by each sales representative?,"SELECT e.employeeNumber, SUM(od.quantityOrdered * od.priceEach) AS total_revenue FROM employees e JOIN customers c ON e.employeeNumber = c.salesRepEmployeeNumber JOIN orders o ON c.customerNumber = o.customerNumber JOIN orderdetails od ON o.orderNumber = od.orderNumber GROUP BY e.employeeNumber;"
What is the average order size for each customer?,"SELECT customerNumber, AVG(order_size) AS avg_order_size FROM (SELECT o.customerNumber, SUM(od.quantityOrdered) AS order_size FROM orders o JOIN orderdetails od ON o.orderNumber = od.orderNumber GROUP BY o.orderNumber) AS order_sizes GROUP BY customerNumber;"
What is the total number of employees in each office?,"SELECT officeCode, COUNT(*) AS total_employees FROM employees GROUP BY officeCode;"
What is the average salary of employees in each office?,"SELECT officeCode, AVG(salary) AS avg_salary FROM employees GROUP BY officeCode;"
What is the total number of products sold by each sales representative?,"SELECT e.employeeNumber, SUM(od.quantityOrdered) AS total_products_sold FROM employees e JOIN customers c ON e.employeeNumber = c.salesRepEmployeeNumber JOIN orders o ON c.customerNumber = o.customerNumber JOIN orderdetails od ON o.orderNumber = od.orderNumber GROUP BY e.employeeNumber;"
What is the average number of products sold per order?,SELECT AVG(total_products) AS avg_products_per_order FROM (SELECT SUM(quantityOrdered) AS total_products FROM orderdetails GROUP BY orderNumber) AS order_totals;
What is the total value of products sold by each product line?,"SELECT p.productLine, SUM(od.quantityOrdered * od.priceEach) AS total_value FROM products p JOIN orderdetails od ON p.productCode = od.productCode GROUP BY p.productLine;"
What is the total number of products in stock for each vendor?,"SELECT productVendor, SUM(quantityInStock) AS total_stock FROM products GROUP BY productVendor;"
What is the total value of products in stock for each vendor?,"SELECT productVendor, SUM(quantityInStock * buyPrice) AS total_value FROM products GROUP BY productVendor;"
What is the total number of employees managed by each manager?,"SELECT reportsTo, COUNT(*) AS total_employees FROM employees WHERE reportsTo IS NOT NULL GROUP BY reportsTo;"
What is the average credit limit of customers for each sales representative?,"SELECT salesRepEmployeeNumber, AVG(creditLimit) AS avg_credit_limit FROM customers GROUP BY salesRepEmployeeNumber;"
What is the total number of orders shipped by each sales representative?,"SELECT e.employeeNumber, COUNT(*) AS total_orders FROM employees e JOIN customers c ON e.employeeNumber = c.salesRepEmployeeNumber JOIN orders o ON c.customerNumber = o.customerNumber WHERE o.shippedDate IS NOT NULL GROUP BY e.employeeNumber;"
What is the total revenue generated by each customer?,"SELECT customerNumber, SUM(od.quantityOrdered * od.priceEach) AS total_revenue FROM orders o JOIN orderdetails od ON o.orderNumber = od.orderNumber GROUP BY customerNumber;"
What is the average revenue generated by each customer?,"SELECT customerNumber, AVG(total_revenue) AS avg_revenue FROM (SELECT customerNumber, SUM(quantityOrdered * priceEach) AS total_revenue FROM orders o JOIN orderdetails od ON o.orderNumber = od.orderNumber GROUP BY o.orderNumber) AS customer_revenues GROUP BY customerNumber;"
What is the total number of payments made by each customer?,"SELECT customerNumber, COUNT(*) AS total_payments FROM payments GROUP BY customerNumber;"
What is the average payment amount for each sales representative's customers?,"SELECT e.employeeNumber, AVG(p.amount) AS avg_payment FROM employees e JOIN customers c ON e.employeeNumber = c.salesRepEmployeeNumber JOIN payments p ON c.customerNumber = p.customerNumber GROUP BY e.employeeNumber;"
What is the total revenue generated by each product category?,"SELECT p.productLine, SUM(od.quantityOrdered * od.priceEach) AS total_revenue FROM products p JOIN orderdetails od ON p.productCode = od.productCode GROUP BY p.productLine;"
What is the average number of products in stock per product line?,"SELECT productLine, AVG(quantityInStock) AS avg_stock FROM products GROUP BY productLine;"
What is the total revenue generated by each customer in each product line?,"SELECT c.customerNumber, p.productLine, SUM(od.quantityOrdered * od.priceEach) AS total_revenue FROM customers c JOIN orders o ON c.customerNumber = o.customerNumber JOIN orderdetails od ON o.orderNumber = od.orderNumber JOIN products p ON od.productCode = p.productCode GROUP BY c.customerNumber, p.productLine;"
What is the average order value for each product line?,"SELECT p.productLine, AVG(order_value) AS avg_order_value FROM (SELECT od.productCode, SUM(od.quantityOrdered * od.priceEach) AS order_value FROM orderdetails od GROUP BY od.orderNumber) AS order_values JOIN products p ON order_values.productCode = p.productCode GROUP BY p.productLine;"
What is the total number of orders for each sales representative?,"SELECT e.employeeNumber, COUNT(*) AS total_orders FROM employees e JOIN customers c ON e.employeeNumber = c.salesRepEmployeeNumber JOIN orders o ON c.customerNumber = o.customerNumber GROUP BY e.employeeNumber;"
What is the total number of orders for each office?,"SELECT o.officeCode, COUNT(*) AS total_orders FROM offices o JOIN employees e ON o.officeCode = e.officeCode JOIN customers c ON e.employeeNumber = c.salesRepEmployeeNumber JOIN orders o2 ON c.customerNumber = o2.customerNumber GROUP BY o.officeCode;"
What is the average order value for each sales representative?,"SELECT e.employeeNumber, AVG(order_value) AS avg_order_value FROM (SELECT o.customerNumber, SUM(od.quantityOrdered * od.priceEach) AS order_value FROM orders o JOIN orderdetails od ON o.orderNumber = od.orderNumber GROUP BY o.orderNumber) AS order_values JOIN customers c ON order_values.customerNumber = c.customerNumber JOIN employees e ON c.salesRepEmployeeNumber = e.employeeNumber GROUP BY e.employeeNumber;"
What is the total value of all orders placed by each customer?,"SELECT customerNumber, SUM(quantityOrdered * priceEach) AS total_order_value FROM orders o JOIN orderdetails od ON o.orderNumber = od.orderNumber GROUP BY customerNumber;"
What is the average number of products per order for each sales representative?,"SELECT e.employeeNumber, AVG(products_per_order) AS avg_products_per_order FROM (SELECT o.customerNumber, SUM(od.quantityOrdered) AS products_per_order FROM orders o JOIN orderdetails od ON o.orderNumber = od.orderNumber GROUP BY o.orderNumber) AS order_products JOIN customers c ON order_products.customerNumber = c.customerNumber JOIN employees e ON c.salesRepEmployeeNumber = e.employeeNumber GROUP BY e.employeeNumber;"
What is the total revenue generated by each sales representative's customers?,"SELECT e.employeeNumber, SUM(od.quantityOrdered * od.priceEach) AS total_revenue FROM employees e JOIN customers c ON e.employeeNumber = c.salesRepEmployeeNumber JOIN orders o ON c.customerNumber = o.customerNumber JOIN orderdetails od ON o.orderNumber = od.orderNumber GROUP BY e.employeeNumber;"
What is the total number of orders shipped by each sales representative's customers?,"SELECT e.employeeNumber, COUNT(*) AS total_shipped_orders FROM employees e JOIN customers c ON e.employeeNumber = c.salesRepEmployeeNumber JOIN orders o ON c.customerNumber = o.customerNumber WHERE o.shippedDate IS NOT NULL GROUP BY e.employeeNumber;"
What is the average payment amount for each customer by product line?,"SELECT c.customerNumber, p.productLine, AVG(pmt.amount) AS avg_payment FROM customers c JOIN orders o ON c.customerNumber = o.customerNumber JOIN orderdetails od ON o.orderNumber = od.orderNumber JOIN products p ON od.productCode = p.productCode JOIN payments pmt ON c.customerNumber = pmt.customerNumber GROUP BY c.customerNumber, p.productLine;"
What is the total value of payments received from each customer by product line?,"SELECT c.customerNumber, p.productLine, SUM(pmt.amount) AS total_payment FROM customers c JOIN orders o ON c.customerNumber = o.customerNumber JOIN orderdetails od ON o.orderNumber = od.orderNumber JOIN products p ON od.productCode = p.productCode JOIN payments pmt ON c.customerNumber = pmt.customerNumber GROUP BY c.customerNumber, p.productLine;"
What is the average number of products per order by product line?,"SELECT p.productLine, AVG(quantityOrdered) AS avg_products_per_order FROM products p JOIN orderdetails od ON p.productCode = od.productCode GROUP BY p.productLine;"
What is the total number of orders placed by customers in each office?,"SELECT o.officeCode, COUNT(*) AS total_orders FROM offices o JOIN employees e ON o.officeCode = e.officeCode JOIN customers c ON e.employeeNumber = c.salesRepEmployeeNumber JOIN orders o2 ON c.customerNumber = o2.customerNumber GROUP BY o.officeCode;"
What is the total number of products in stock for each office?,"SELECT o.officeCode, SUM(p.quantityInStock) AS total_stock FROM offices o JOIN employees e ON o.officeCode = e.officeCode JOIN customers c ON e.employeeNumber = c.salesRepEmployeeNumber JOIN orders o2 ON c.customerNumber = o2.customerNumber JOIN orderdetails od ON o2.orderNumber = od.orderNumber JOIN products p ON od.productCode = p.productCode GROUP BY o.officeCode;"
What is the average number of orders per customer for each sales representative?,"SELECT e.employeeNumber, AVG(total_orders) AS avg_orders_per_customer FROM (SELECT customerNumber, COUNT(*) AS total_orders FROM orders GROUP BY customerNumber) AS customer_orders JOIN customers c ON customer_orders.customerNumber = c.customerNumber JOIN employees e ON c.salesRepEmployeeNumber = e.employeeNumber GROUP BY e.employeeNumber;"
What is the average number of products ordered per customer for each sales representative?,"SELECT e.employeeNumber, AVG(total_products) AS avg_products_per_customer FROM (SELECT customerNumber, SUM(quantityOrdered) AS total_products FROM orders o JOIN orderdetails od ON o.orderNumber = od.orderNumber GROUP BY customerNumber) AS customer_products JOIN customers c ON customer_products.customerNumber = c.customerNumber JOIN employees e ON c.salesRepEmployeeNumber = e.employeeNumber GROUP BY e.employeeNumber;"
What is the total number of orders placed by each customer by product line?,"SELECT c.customerNumber, p.productLine, COUNT(*) AS total_orders FROM customers c JOIN orders o ON c.customerNumber = o.customerNumber JOIN orderdetails od ON o.orderNumber = od.orderNumber JOIN products p ON od.productCode = p.productCode GROUP BY c.customerNumber, p.productLine;"
What is the average value of orders placed by each customer by product line?,"SELECT c.customerNumber, p.productLine, AVG(order_value) AS avg_order_value FROM (SELECT o.customerNumber, SUM(od.quantityOrdered * od.priceEach) AS order_value FROM orders o JOIN orderdetails od ON o.orderNumber = od.orderNumber GROUP BY o.orderNumber) AS customer_orders JOIN customers c ON customer_orders.customerNumber = c.customerNumber JOIN products p ON customer_orders.productCode = p.productCode GROUP BY c.customerNumber, p.productLine;"
What is the total number of employees in each office by job title?,"SELECT o.officeCode, e.jobTitle, COUNT(*) AS total_employees FROM offices o JOIN employees e ON o.officeCode = e.officeCode GROUP BY o.officeCode, e.jobTitle;"
What is the average salary of employees in each office by job title?,"SELECT o.officeCode, e.jobTitle, AVG(e.salary) AS avg_salary FROM offices o JOIN employees e ON o.officeCode = e.officeCode GROUP BY o.officeCode, e.jobTitle;"
What is the total number of products sold in each product line by office?,"SELECT o.officeCode, p.productLine, SUM(od.quantityOrdered) AS total_products FROM offices o JOIN employees e ON o.officeCode = e.officeCode JOIN customers c ON e.employeeNumber = c.salesRepEmployeeNumber JOIN orders o2 ON c.customerNumber = o2.customerNumber JOIN orderdetails od ON o2.orderNumber = od.orderNumber JOIN products p ON od.productCode = p.productCode GROUP BY o.officeCode, p.productLine;"
What is the total revenue generated by each product line by office?,"SELECT o.officeCode, p.productLine, SUM(od.quantityOrdered * od.priceEach) AS total_revenue FROM offices o JOIN employees e ON o.officeCode = e.officeCode JOIN customers c ON e.employeeNumber = c.salesRepEmployeeNumber JOIN orders o2 ON c.customerNumber = o2.customerNumber JOIN orderdetails od ON o2.orderNumber = od.orderNumber JOIN products p ON od.productCode = p.productCode GROUP BY o.officeCode, p.productLine;"
What is the total number of orders placed by customers in each product line by office?,"SELECT o.officeCode, p.productLine, COUNT(*) AS total_orders FROM offices o JOIN employees e ON o.officeCode = e.officeCode JOIN customers c ON e.employeeNumber = c.salesRepEmployeeNumber JOIN orders o2 ON c.customerNumber = o2.customerNumber JOIN orderdetails od ON o2.orderNumber = od.orderNumber JOIN products p ON od.productCode = p.productCode GROUP BY o.officeCode, p.productLine;"
What is the total number of employees reporting to each manager by job title?,"SELECT e.reportsTo, e.jobTitle, COUNT(*) AS total_employees FROM employees e GROUP BY e.reportsTo, e.jobTitle;"
What is the total number of orders placed by customers in each office by product line?,"SELECT o.officeCode, p.productLine, COUNT(*) AS total_orders FROM offices o JOIN employees e ON o.officeCode = e.officeCode JOIN customers c ON e.employeeNumber = c.salesRepEmployeeNumber JOIN orders o2 ON c.customerNumber = o2.customerNumber JOIN orderdetails od ON o2.orderNumber = od.orderNumber JOIN products p ON od.productCode = p.productCode GROUP BY o.officeCode, p.productLine;"
What is the total revenue generated by each product line by sales representative?,"SELECT e.employeeNumber, p.productLine, SUM(od.quantityOrdered * od.priceEach) AS total_revenue FROM employees e JOIN customers c ON e.employeeNumber = c.salesRepEmployeeNumber JOIN orders o ON c.customerNumber = o.customerNumber JOIN orderdetails od ON o.orderNumber = od.orderNumber JOIN products p ON od.productCode = p.productCode GROUP BY e.employeeNumber, p.productLine;"
What is the total number of products in stock for each product line by office?,"SELECT o.officeCode, p.productLine, SUM(p.quantityInStock) AS total_stock FROM offices o JOIN employees e ON o.officeCode = e.officeCode JOIN customers c ON e.employeeNumber = c.salesRepEmployeeNumber JOIN orders o2 ON c.customerNumber = o2.customerNumber JOIN orderdetails od ON o2.orderNumber = od.orderNumber JOIN products p ON od.productCode = p.productCode GROUP BY o.officeCode, p.productLine;"
What is the total number of orders placed by customers in each office by sales representative?,"SELECT o.officeCode, e.employeeNumber, COUNT(*) AS total_orders FROM offices o JOIN employees e ON o.officeCode = e.officeCode JOIN customers c ON e.employeeNumber = c.salesRepEmployeeNumber JOIN orders o2 ON c.customerNumber = o2.customerNumber GROUP BY o.officeCode, e.employeeNumber;"
What is the total revenue generated by each customer by product line?,"SELECT c.customerNumber, p.productLine, SUM(od.quantityOrdered * od.priceEach) AS total_revenue FROM customers c JOIN orders o ON c.customerNumber = o.customerNumber JOIN orderdetails od ON o.orderNumber = od.orderNumber JOIN products p ON od.productCode = p.productCode GROUP BY c.customerNumber, p.productLine;"
What is the average order value for each product line?,"SELECT p.productLine, AVG(order_value) AS avg_order_value FROM (SELECT od.productCode, SUM(od.quantityOrdered * od.priceEach) AS order_value FROM orderdetails od GROUP BY od.orderNumber) AS order_values JOIN products p ON order_values.productCode = p.productCode GROUP BY p.productLine;"
What is the total number of orders for each sales representative?,"SELECT e.employeeNumber, COUNT(*) AS total_orders FROM employees e JOIN customers c ON e.employeeNumber = c.salesRepEmployeeNumber JOIN orders o ON c.customerNumber = o.customerNumber GROUP BY e.employeeNumber;"
What is the total number of orders for each office?,"SELECT o.officeCode, COUNT(*) AS total_orders FROM offices o JOIN employees e ON o.officeCode = e.officeCode JOIN customers c ON e.employeeNumber = c.salesRepEmployeeNumber JOIN orders o2 ON c.customerNumber = o2.customerNumber GROUP BY o.officeCode;"
What is the average order value for each sales representative?,"SELECT e.employeeNumber, AVG(order_value) AS avg_order_value FROM (SELECT o.customerNumber, SUM(od.quantityOrdered * od.priceEach) AS order_value FROM orders o JOIN orderdetails od ON o.orderNumber = od.orderNumber GROUP BY o.orderNumber) AS order_values JOIN customers c ON order_values.customerNumber = c.customerNumber JOIN employees e ON c.salesRepEmployeeNumber = e.employeeNumber GROUP BY e.employeeNumber;"
What is the total value of all orders placed by each customer?,"SELECT customerNumber, SUM(quantityOrdered * priceEach) AS total_order_value FROM orders o JOIN orderdetails od ON o.orderNumber = od.orderNumber GROUP BY customerNumber;"
What is the average number of products per order for each sales representative?,"SELECT e.employeeNumber, AVG(products_per_order) AS avg_products_per_order FROM (SELECT o.customerNumber, SUM(od.quantityOrdered) AS products_per_order FROM orders o JOIN orderdetails od ON o.orderNumber = od.orderNumber GROUP BY o.orderNumber) AS order_products JOIN customers c ON order_products.customerNumber = c.customerNumber JOIN employees e ON c.salesRepEmployeeNumber = e.employeeNumber GROUP BY e.employeeNumber;"
What is the total revenue generated by each sales representative's customers?,"SELECT e.employeeNumber, SUM(od.quantityOrdered * od.priceEach) AS total_revenue FROM employees e JOIN customers c ON e.employeeNumber = c.salesRepEmployeeNumber JOIN orders o ON c.customerNumber = o.customerNumber JOIN orderdetails od ON o.orderNumber = od.orderNumber GROUP BY e.employeeNumber;"
What is the total number of orders shipped by each sales representative's customers?,"SELECT e.employeeNumber, COUNT(*) AS total_shipped_orders FROM employees e JOIN customers c ON e.employeeNumber = c.salesRepEmployeeNumber JOIN orders o ON c.customerNumber = o.customerNumber WHERE o.shippedDate IS NOT NULL GROUP BY e.employeeNumber;"
What is the average payment amount for each customer by product line?,"SELECT c.customerNumber, p.productLine, AVG(pmt.amount) AS avg_payment FROM customers c JOIN orders o ON c.customerNumber = o.customerNumber JOIN orderdetails od ON o.orderNumber = od.orderNumber JOIN products p ON od.productCode = p.productCode JOIN payments pmt ON c.customerNumber = pmt.customerNumber GROUP BY c.customerNumber, p.productLine;"
What is the total value of payments received from each customer by product line?,"SELECT c.customerNumber, p.productLine, SUM(pmt.amount) AS total_payment FROM customers c JOIN orders o ON c.customerNumber = o.customerNumber JOIN orderdetails od ON o.orderNumber = od.orderNumber JOIN products p ON od.productCode = p.productCode JOIN payments pmt ON c.customerNumber = pmt.customerNumber GROUP BY c.customerNumber, p.productLine;"
What is the average number of products per order by product line?,"SELECT p.productLine, AVG(quantityOrdered) AS avg_products_per_order FROM products p JOIN orderdetails od ON p.productCode = od.productCode GROUP BY p.productLine;"
What is the total number of orders placed by customers in each office?,"SELECT o.officeCode, COUNT(*) AS total_orders FROM offices o JOIN employees e ON o.officeCode = e.officeCode JOIN customers c ON e.employeeNumber = c.salesRepEmployeeNumber JOIN orders o2 ON c.customerNumber = o2.customerNumber GROUP BY o.officeCode;"
What is the total number of products in stock for each office?,"SELECT o.officeCode, SUM(p.quantityInStock) AS total_stock FROM offices o JOIN employees e ON o.officeCode = e.officeCode JOIN customers c ON e.employeeNumber = c.salesRepEmployeeNumber JOIN orders o2 ON c.customerNumber = o2.customerNumber JOIN orderdetails od ON o2.orderNumber = od.orderNumber JOIN products p ON od.productCode = p.productCode GROUP BY o.officeCode;"
What is the average number of orders per customer for each sales representative?,"SELECT e.employeeNumber, AVG(total_orders) AS avg_orders_per_customer FROM (SELECT customerNumber, COUNT(*) AS total_orders FROM orders GROUP BY customerNumber) AS customer_orders JOIN customers c ON customer_orders.customerNumber = c.customerNumber JOIN employees e ON c.salesRepEmployeeNumber = e.employeeNumber GROUP BY e.employeeNumber;"
What is the average number of products ordered per customer for each sales representative?,"SELECT e.employeeNumber, AVG(total_products) AS avg_products_per_customer FROM (SELECT customerNumber, SUM(quantityOrdered) AS total_products FROM orders o JOIN orderdetails od ON o.orderNumber = od.orderNumber GROUP BY customerNumber) AS customer_products JOIN customers c ON customer_products.customerNumber = c.customerNumber JOIN employees e ON c.salesRepEmployeeNumber = e.employeeNumber GROUP BY e.employeeNumber;"
What is the total value of orders placed by customers in each office?,"SELECT o.officeCode, SUM(od.quantityOrdered * od.priceEach) AS total_order_value FROM offices o JOIN employees e ON o.officeCode = e.officeCode JOIN customers c ON e.employeeNumber = c.salesRepEmployeeNumber JOIN orders o2 ON c.customerNumber = o2.customerNumber JOIN orderdetails od ON o2.orderNumber = od.orderNumber GROUP BY o.officeCode;"
What is the total value of orders placed by customers in each office by product line?,"SELECT o.officeCode, p.productLine, SUM(od.quantityOrdered * od.priceEach) AS total_order_value FROM offices o JOIN employees e ON o.officeCode = e.officeCode JOIN customers c ON e.employeeNumber = c.salesRepEmployeeNumber JOIN orders o2 ON c.customerNumber = o2.customerNumber JOIN orderdetails od ON o2.orderNumber = od.orderNumber JOIN products p ON od.productCode = p.productCode GROUP BY o.officeCode, p.productLine;"
What is the average payment amount for each sales representative's customers?,"SELECT e.employeeNumber, AVG(pmt.amount) AS avg_payment FROM employees e JOIN customers c ON e.employeeNumber = c.salesRepEmployeeNumber JOIN payments pmt ON c.customerNumber = pmt.customerNumber GROUP BY e.employeeNumber;"
What is the average number of orders per customer for each sales representative's customers?,"SELECT e.employeeNumber, AVG(total_orders) AS avg_orders_per_customer FROM (SELECT customerNumber, COUNT(*) AS total_orders FROM orders GROUP BY customerNumber) AS customer_orders JOIN customers c ON customer_orders.customerNumber = c.customerNumber JOIN employees e ON c.salesRepEmployeeNumber = e.employeeNumber GROUP BY e.employeeNumber;"
What is the total value of all orders placed by customers in each office?,"SELECT o.officeCode, SUM(od.quantityOrdered * od.priceEach) AS total_order_value FROM offices o JOIN employees e ON o.officeCode = e.officeCode JOIN customers c ON e.employeeNumber = c.salesRepEmployeeNumber JOIN orders o2 ON c.customerNumber = o2.customerNumber JOIN orderdetails od ON o2.orderNumber = od.orderNumber GROUP BY o.officeCode;"
What is the average number of orders per customer?,"SELECT AVG(total_orders) AS avg_orders_per_customer FROM (SELECT customerNumber, COUNT(*) AS total_orders FROM orders GROUP BY customerNumber) AS customer_orders;"
What is the total revenue generated by each product line?,"SELECT p.productLine, SUM(od.quantityOrdered * od.priceEach) AS total_revenue FROM products p JOIN orderdetails od ON p.productCode = od.productCode GROUP BY p.productLine;"
What is the total revenue generated by each customer?,"SELECT customerNumber, SUM(quantityOrdered * priceEach) AS total_revenue FROM orders o JOIN orderdetails od ON o.orderNumber = od.orderNumber GROUP BY customerNumber;"
What is the average number of products ordered per customer?,"SELECT AVG(total_products) AS avg_products_per_customer FROM (SELECT customerNumber, SUM(quantityOrdered) AS total_products FROM orders o JOIN orderdetails od ON o.orderNumber = od.orderNumber GROUP BY customerNumber) AS customer_products;"
What is the total value of all orders placed by customers?,SELECT SUM(quantityOrdered * priceEach) AS total_order_value FROM orders o JOIN orderdetails od ON o.orderNumber = od.orderNumber;
What is the total revenue generated by each product line in each office?,"SELECT o.officeCode, p.productLine, SUM(od.quantityOrdered * od.priceEach) AS total_revenue FROM offices o JOIN employees e ON o.officeCode = e.officeCode JOIN customers c ON e.employeeNumber = c.salesRepEmployeeNumber JOIN orders o2 ON c.customerNumber = o2.customerNumber JOIN orderdetails od ON o2.orderNumber = od.orderNumber JOIN products p ON od.productCode = p.productCode GROUP BY o.officeCode, p.productLine;"
What is the total revenue generated by each sales representative's customers by product line?,"SELECT e.employeeNumber, p.productLine, SUM(od.quantityOrdered * od.priceEach) AS total_revenue FROM employees e JOIN customers c ON e.employeeNumber = c.salesRepEmployeeNumber JOIN orders o ON c.customerNumber = o.customerNumber JOIN orderdetails od ON o.orderNumber = od.orderNumber JOIN products p ON od.productCode = p.productCode GROUP BY e.employeeNumber, p.productLine;"
What is the total value of orders placed by customers in each office by sales representative?,"SELECT o.officeCode, e.employeeNumber, SUM(od.quantityOrdered * od.priceEach) AS total_order_value FROM offices o JOIN employees e ON o.officeCode = e.officeCode JOIN customers c ON e.employeeNumber = c.salesRepEmployeeNumber JOIN orders o2 ON c.customerNumber = o2.customerNumber JOIN orderdetails od ON o2.orderNumber = od.orderNumber GROUP BY o.officeCode, e.employeeNumber;"
What is the average number of orders per sales representative?,"SELECT e.employeeNumber, AVG(total_orders) AS avg_orders_per_rep FROM (SELECT customerNumber, COUNT(*) AS total_orders FROM orders GROUP BY customerNumber) AS customer_orders JOIN customers c ON customer_orders.customerNumber = c.customerNumber JOIN employees e ON c.salesRepEmployeeNumber = e.employeeNumber GROUP BY e.employeeNumber;"
What is the average number of products ordered per sales representative?,"SELECT e.employeeNumber, AVG(total_products) AS avg_products_per_rep FROM (SELECT customerNumber, SUM(quantityOrdered) AS total_products FROM orders o JOIN orderdetails od ON o.orderNumber = od.orderNumber GROUP BY customerNumber) AS customer_products JOIN customers c ON customer_products.customerNumber = c.customerNumber JOIN employees e ON c.salesRepEmployeeNumber = e.employeeNumber GROUP BY e.employeeNumber;"
What is the average value of all orders placed by customers in each office?,"SELECT o.officeCode, AVG(order_value) AS avg_order_value FROM offices o JOIN employees e ON o.officeCode = e.officeCode JOIN customers c ON e.employeeNumber = c.salesRepEmployeeNumber JOIN orders o2 ON c.customerNumber = o2.customerNumber JOIN (SELECT orderNumber, SUM(quantityOrdered * priceEach) AS order_value FROM orderdetails GROUP BY orderNumber) AS order_values ON o2.orderNumber = order_values.orderNumber GROUP BY o.officeCode;"
What is the total value of payments received from each customer by office?,"SELECT o.officeCode, c.customerNumber, SUM(pmt.amount) AS total_payment FROM offices o JOIN employees e ON o.officeCode = e.officeCode JOIN customers c ON e.employeeNumber = c.salesRepEmployeeNumber JOIN payments pmt ON c.customerNumber = pmt.customerNumber GROUP BY o.officeCode, c.customerNumber;"
What is the total number of orders placed by customers in each office by sales representative by product line?,"SELECT o.officeCode, e.employeeNumber, p.productLine, COUNT(*) AS total_orders FROM offices o JOIN employees e ON o.officeCode = e.officeCode JOIN customers c ON e.employeeNumber = c.salesRepEmployeeNumber JOIN orders o2 ON c.customerNumber = o2.customerNumber JOIN orderdetails od ON o2.orderNumber = od.orderNumber JOIN products p ON od.productCode = p.productCode GROUP BY o.officeCode, e.employeeNumber, p.productLine;"
What is the average number of orders per office for each sales representative?,"SELECT o.officeCode, e.employeeNumber, AVG(total_orders) AS avg_orders_per_office_rep FROM (SELECT customerNumber, COUNT(*) AS total_orders FROM orders GROUP BY customerNumber) AS customer_orders JOIN customers c ON customer_orders.customerNumber = c.customerNumber JOIN employees e ON c.salesRepEmployeeNumber = e.employeeNumber JOIN offices o ON e.officeCode = o.officeCode GROUP BY o.officeCode, e.employeeNumber;"
What is the average value of all orders placed by customers in each office by sales representative?,"SELECT o.officeCode, e.employeeNumber, AVG(order_value) AS avg_order_value FROM offices o JOIN employees e ON o.officeCode = e.officeCode JOIN customers c ON e.employeeNumber = c.salesRepEmployeeNumber JOIN orders o2 ON c.customerNumber = o2.customerNumber JOIN (SELECT orderNumber, SUM(quantityOrdered * priceEach) AS order_value FROM orderdetails GROUP BY orderNumber) AS order_values ON o2.orderNumber = order_values.orderNumber GROUP BY o.officeCode, e.employeeNumber;"
What is the total value of payments received from each customer by office by sales representative?,"SELECT o.officeCode, e.employeeNumber, c.customerNumber, SUM(pmt.amount) AS total_payment FROM offices o JOIN employees e ON o.officeCode = e.officeCode JOIN customers c ON e.employeeNumber = c.salesRepEmployeeNumber JOIN payments pmt ON c.customerNumber = pmt.customerNumber GROUP BY o.officeCode, e.employeeNumber, c.customerNumber;"
What is the total number of orders placed by customers in each office by sales representative by product line by month?,"SELECT o.officeCode, e.employeeNumber, p.productLine, MONTH(o2.orderDate) AS order_month, COUNT(*) AS total_orders FROM offices o JOIN employees e ON o.officeCode = e.officeCode JOIN customers c ON e.employeeNumber = c.salesRepEmployeeNumber JOIN orders o2 ON c.customerNumber = o2.customerNumber JOIN orderdetails od ON o2.orderNumber = od.orderNumber JOIN products p ON od.productCode = p.productCode GROUP BY o.officeCode, e.employeeNumber, p.productLine, MONTH(o2.orderDate);"
List all products and their corresponding product lines.,"SELECT p.productName, pl.productLine FROM products p JOIN productlines pl ON p.productLine = pl.productLine;"
Get the names and email addresses of employees who manage other employees.,"SELECT e1.firstName, e1.lastName, e1.email FROM employees e1 JOIN employees e2 ON e1.employeeNumber = e2.reportsTo;"
Find the customer names and their sales representatives' names for customers who have placed orders.,"SELECT c.customerName, e1.firstName AS salesRepFirstName, e1.lastName AS salesRepLastName FROM customers c JOIN employees e1 ON c.salesRepEmployeeNumber = e1.employeeNumber JOIN orders o ON c.customerNumber = o.customerNumber;"
Get all orders with their corresponding customer names and the cities of those customers.,"SELECT o.orderNumber, c.customerName, c.city FROM orders o JOIN customers c ON o.customerNumber = c.customerNumber;"
List the product names and the quantities ordered for products ordered by a specific customer.,"SELECT p.productName, od.quantityOrdered FROM orderdetails od JOIN products p ON od.productCode = p.productCode JOIN orders o ON od.orderNumber = o.orderNumber WHERE o.customerNumber = 103;"
Find the total amount paid by each customer and their credit limit.,"SELECT c.customerName, SUM(p.amount) AS totalPaid, c.creditLimit FROM customers c JOIN payments p ON c.customerNumber = p.customerNumber GROUP BY c.customerNumber, c.creditLimit;"
List employees and the cities where their offices are located.,"SELECT e.firstName, e.lastName, o.city FROM employees e JOIN offices o ON e.officeCode = o.officeCode;"
"Get all orders that were shipped late, including the customer name and the order status.","SELECT o.orderNumber, c.customerName, o.status FROM orders o JOIN customers c ON o.customerNumber = c.customerNumber WHERE o.shippedDate > o.requiredDate;"
Find the products with prices higher than the average price of all products.,"SELECT p.productName, p.buyPrice FROM products p WHERE p.buyPrice > (SELECT AVG(buyPrice) FROM products);"
List customers and the products they have ordered along with the quantities ordered.,"SELECT c.customerName, p.productName, od.quantityOrdered FROM customers c JOIN orders o ON c.customerNumber = o.customerNumber JOIN orderdetails od ON o.orderNumber = od.orderNumber JOIN products p ON od.productCode = p.productCode;"
Get the names of employees and the names of customers they handle.,"SELECT e.firstName AS employeeFirstName, e.lastName AS employeeLastName, c.customerName FROM employees e LEFT JOIN customers c ON e.employeeNumber = c.salesRepEmployeeNumber;"
Find the order details for a specific order number along with product descriptions.,"SELECT od.orderNumber, p.productName, od.quantityOrdered, od.priceEach, p.productDescription FROM orderdetails od JOIN products p ON od.productCode = p.productCode WHERE od.orderNumber = 101;"
List all products that are in stock and their respective product lines and descriptions.,"SELECT p.productName, p.quantityInStock, pl.productLine, pl.textDescription FROM products p JOIN productlines pl ON p.productLine = pl.productLine WHERE p.quantityInStock > 0;"
Get the total sales amount for each product line.,"SELECT pl.productLine, SUM(od.quantityOrdered * od.priceEach) AS totalSales FROM orderdetails od JOIN products p ON od.productCode = p.productCode JOIN productlines pl ON p.productLine = pl.productLine GROUP BY pl.productLine;"
Find employees who report to more than one manager (if applicable).,"SELECT e1.firstName, e1.lastName FROM employees e1 JOIN employees e2 ON e1.reportsTo = e2.employeeNumber GROUP BY e1.employeeNumber HAVING COUNT(e2.reportsTo) > 1;"
Get all customers who have made payments but have not placed any orders.,SELECT c.customerName FROM customers c LEFT JOIN orders o ON c.customerNumber = o.customerNumber LEFT JOIN payments p ON c.customerNumber = p.customerNumber WHERE o.orderNumber IS NULL AND p.checkNumber IS NOT NULL;
"List all orders, including customer names and their addresses, for orders that have been shipped.","SELECT o.orderNumber, c.customerName, c.addressLine1, c.addressLine2 FROM orders o JOIN customers c ON o.customerNumber = c.customerNumber WHERE o.shippedDate IS NOT NULL;"
Find all employees with their respective office cities and phone numbers who do not manage anyone.,"SELECT e.firstName, e.lastName, o.city, o.phone FROM employees e JOIN offices o ON e.officeCode = o.officeCode WHERE e.employeeNumber NOT IN (SELECT DISTINCT reportsTo FROM employees);"
List all products with their descriptions and images from product lines that have more than 5 products.,"SELECT p.productName, p.productDescription, pl.textDescription FROM products p JOIN productlines pl ON p.productLine = pl.productLine GROUP BY p.productLine HAVING COUNT(p.productCode) > 5;"
Get the total number of orders and total amount for each customer.,"SELECT c.customerName, COUNT(o.orderNumber) AS totalOrders, SUM(od.quantityOrdered * od.priceEach) AS totalAmount FROM customers c JOIN orders o ON c.customerNumber = o.customerNumber JOIN orderdetails od ON o.orderNumber = od.orderNumber GROUP BY c.customerName;"
Find the top 5 products by quantity ordered in the last 30 days.,"SELECT p.productName, SUM(od.quantityOrdered) AS totalQuantityOrdered FROM orderdetails od JOIN products p ON od.productCode = p.productCode JOIN orders o ON od.orderNumber = o.orderNumber WHERE o.orderDate > CURDATE() - INTERVAL 30 DAY GROUP BY p.productName ORDER BY totalQuantityOrdered DESC LIMIT 5;"
List all customers with their contact details and the names of the employees handling their sales.,"SELECT c.customerName, c.contactFirstName, c.contactLastName, e.firstName AS salesRepFirstName, e.lastName AS salesRepLastName FROM customers c LEFT JOIN employees e ON c.salesRepEmployeeNumber = e.employeeNumber;"
Find the average payment amount for each customer and list their names and credit limits.,"SELECT c.customerName, AVG(p.amount) AS averagePayment, c.creditLimit FROM customers c JOIN payments p ON c.customerNumber = p.customerNumber GROUP BY c.customerName, c.creditLimit;"
Get all employees who work in the same city as their office.,"SELECT e.firstName, e.lastName, o.city FROM employees e JOIN offices o ON e.officeCode = o.officeCode WHERE o.city = (SELECT city FROM offices WHERE officeCode = e.officeCode);"
"Find products that have not been ordered yet, including their product line and descriptions.","SELECT p.productName, pl.productLine, p.productDescription FROM products p LEFT JOIN orderdetails od ON p.productCode = od.productCode JOIN productlines pl ON p.productLine = pl.productLine WHERE od.orderNumber IS NULL;"
List the top 3 cities with the most employees working in them and the count of employees in those cities.,"SELECT o.city, COUNT(e.employeeNumber) AS employeeCount FROM employees e JOIN offices o ON e.officeCode = o.officeCode GROUP BY o.city ORDER BY employeeCount DESC LIMIT 3;"
"Get the total revenue for each product line, including the product line name and the total revenue amount.","SELECT pl.productLine, SUM(od.quantityOrdered * od.priceEach) AS totalRevenue FROM orderdetails od JOIN products p ON od.productCode = p.productCode JOIN productlines pl ON p.productLine = pl.productLine GROUP BY pl.productLine;"
Find the employees who report to a manager with a specific job title and list their names and job titles.,"SELECT e.firstName, e.lastName, e.jobTitle FROM employees e JOIN employees m ON e.reportsTo = m.employeeNumber WHERE m.jobTitle = 'Sales Manager';"
List all customers who have ordered products in a specific product line and the names of the products they ordered.,"SELECT c.customerName, p.productName FROM customers c JOIN orders o ON c.customerNumber = o.customerNumber JOIN orderdetails od ON o.orderNumber = od.orderNumber JOIN products p ON od.productCode = p.productCode WHERE p.productLine = 'Classic Cars';"
Get the employees who work in the same office as their manager and list their names and office codes.,"SELECT e1.firstName, e1.lastName, e1.officeCode FROM employees e1 JOIN employees e2 ON e1.reportsTo = e2.employeeNumber WHERE e1.officeCode = e2.officeCode;"
"Find the departments with the highest number of employees, including office location details.","SELECT o.territory, COUNT(e.employeeNumber) AS employeeCount FROM employees e JOIN offices o ON e.officeCode = o.officeCode GROUP BY o.territory ORDER BY employeeCount DESC LIMIT 1;"
List the product lines with the highest average buy price and their descriptions.,"SELECT pl.productLine, AVG(p.buyPrice) AS averageBuyPrice, pl.textDescription FROM products p JOIN productlines pl ON p.productLine = pl.productLine GROUP BY pl.productLine ORDER BY averageBuyPrice DESC;"
Find the names of customers who have made the highest total payments and the amount of their total payments.,"SELECT c.customerName, SUM(p.amount) AS totalPayments FROM customers c JOIN payments p ON c.customerNumber = p.customerNumber GROUP BY c.customerName ORDER BY totalPayments DESC LIMIT 1;"
"Get all the products with their names and prices, including their descriptions, for orders that have been shipped.","SELECT p.productName, p.buyPrice, p.productDescription FROM products p JOIN orderdetails od ON p.productCode = od.productCode JOIN orders o ON od.orderNumber = o.orderNumber WHERE o.shippedDate IS NOT NULL;"
Find the total number of products ordered and the total amount spent on each product code.,"SELECT p.productCode, p.productName, SUM(od.quantityOrdered) AS totalQuantityOrdered, SUM(od.quantityOrdered * od.priceEach) AS totalAmountSpent FROM products p JOIN orderdetails od ON p.productCode = od.productCode GROUP BY p.productCode;"
List the names of employees and their managers who have the same job title.,"SELECT e1.firstName AS employeeFirstName, e1.lastName AS employeeLastName, e2.firstName AS managerFirstName, e2.lastName AS managerLastName FROM employees e1 JOIN employees e2 ON e1.reportsTo = e2.employeeNumber WHERE e1.jobTitle = e2.jobTitle;"
"Find customers who have ordered more than 3 different products, including the names and order numbers.","SELECT c.customerName, COUNT(DISTINCT od.productCode) AS uniqueProductsOrdered, o.orderNumber FROM customers c JOIN orders o ON c.customerNumber = o.customerNumber JOIN orderdetails od ON o.orderNumber = od.orderNumber GROUP BY c.customerName, o.orderNumber HAVING uniqueProductsOrdered > 3;"
Get the details of all employees who work in offices located in the same city as their customers.,"SELECT e.firstName, e.lastName, o.city FROM employees e JOIN offices o ON e.officeCode = o.officeCode JOIN customers c ON o.city = c.city;"
Find the most recent order date for each customer and the total amount spent on those orders.,"SELECT c.customerName, MAX(o.orderDate) AS mostRecentOrderDate, SUM(od.quantityOrdered * od.priceEach) AS totalAmountSpent FROM customers c JOIN orders o ON c.customerNumber = o.customerNumber JOIN orderdetails od ON o.orderNumber = od.orderNumber GROUP BY c.customerName;"
List all products that have a buy price greater than the average price of products in their respective product lines.,"SELECT p.productName, p.buyPrice FROM products p JOIN (SELECT productLine, AVG(buyPrice) AS avgPrice FROM products GROUP BY productLine) avg_prices ON p.productLine = avg_prices.productLine WHERE p.buyPrice > avg_prices.avgPrice;"
Find customers with the highest credit limit who have not made any payments yet.,"SELECT c.customerName, c.creditLimit FROM customers c LEFT JOIN payments p ON c.customerNumber = p.customerNumber WHERE p.checkNumber IS NULL ORDER BY c.creditLimit DESC LIMIT 1;"
Get the average number of orders placed by each customer and their credit limits.,"SELECT c.customerName, AVG(order_count) AS avgOrders, c.creditLimit FROM (SELECT customerNumber, COUNT(orderNumber) AS order_count FROM orders GROUP BY customerNumber) order_counts JOIN customers c ON order_counts.customerNumber = c.customerNumber GROUP BY c.customerName, c.creditLimit;"
"List all employees and the names of customers they have sold to, along with the products sold.","SELECT e.firstName, e.lastName, c.customerName, p.productName FROM employees e JOIN customers c ON e.employeeNumber = c.salesRepEmployeeNumber JOIN orders o ON c.customerNumber = o.customerNumber JOIN orderdetails od ON o.orderNumber = od.orderNumber JOIN products p ON od.productCode = p.productCode;"
Find the top 5 customers who have spent the most on products and list the products they purchased.,"SELECT c.customerName, p.productName, SUM(od.quantityOrdered * od.priceEach) AS totalSpent FROM customers c JOIN orders o ON c.customerNumber = o.customerNumber JOIN orderdetails od ON o.orderNumber = od.orderNumber JOIN products p ON od.productCode = p.productCode GROUP BY c.customerName, p.productName ORDER BY totalSpent DESC LIMIT 5;"
Get the number of employees in each office and the office details.,"SELECT o.officeCode, o.city, o.country, COUNT(e.employeeNumber) AS employeeCount FROM offices o LEFT JOIN employees e ON o.officeCode = e.officeCode GROUP BY o.officeCode, o.city, o.country;"
Find all products with prices lower than the average price in their product line and list their names and prices.,"SELECT p.productName, p.buyPrice FROM products p JOIN (SELECT productLine, AVG(buyPrice) AS avgPrice FROM products GROUP BY productLine) avg_prices ON p.productLine = avg_prices.productLine WHERE p.buyPrice < avg_prices.avgPrice;"
List the names of customers who have placed more than 5 orders and the total amount of these orders.,"SELECT c.customerName, COUNT(o.orderNumber) AS totalOrders, SUM(od.quantityOrdered * od.priceEach) AS totalAmount FROM customers c JOIN orders o ON c.customerNumber = o.customerNumber JOIN orderdetails od ON o.orderNumber = od.orderNumber GROUP BY c.customerName HAVING totalOrders > 5;"
Find the products with the highest buy price and the names of their respective product lines.,"SELECT p.productName, p.buyPrice, pl.productLine FROM products p JOIN productlines pl ON p.productLine = pl.productLine WHERE p.buyPrice = (SELECT MAX(buyPrice) FROM products);"
Get the names of customers who have purchased products from a specific vendor and list the product names they purchased.,"SELECT c.customerName, p.productName FROM customers c JOIN orders o ON c.customerNumber = o.customerNumber JOIN orderdetails od ON o.orderNumber = od.orderNumber JOIN products p ON od.productCode = p.productCode WHERE p.productVendor = 'Sony';"
List all employees with their managers and the number of orders handled by each employee.,"SELECT e1.firstName AS employeeFirstName, e1.lastName AS employeeLastName, e2.firstName AS managerFirstName, e2.lastName AS managerLastName, COUNT(o.orderNumber) AS ordersHandled FROM employees e1 LEFT JOIN employees e2 ON e1.reportsTo = e2.employeeNumber LEFT JOIN customers c ON e1.employeeNumber = c.salesRepEmployeeNumber LEFT JOIN orders o ON c.customerNumber = o.customerNumber GROUP BY e1.employeeNumber, e2.employeeNumber;"
Find customers who have placed orders with a status of 'Shipped' and the names of the products ordered.,"SELECT c.customerName, p.productName FROM customers c JOIN orders o ON c.customerNumber = o.customerNumber JOIN orderdetails od ON o.orderNumber = od.orderNumber JOIN products p ON od.productCode = p.productCode WHERE o.status = 'Shipped';"
Get the total amount spent on products ordered by each customer and list the top 10 customers by amount spent.,"SELECT c.customerName, SUM(od.quantityOrdered * od.priceEach) AS totalSpent FROM customers c JOIN orders o ON c.customerNumber = o.customerNumber JOIN orderdetails od ON o.orderNumber = od.orderNumber GROUP BY c.customerName ORDER BY totalSpent DESC LIMIT 10;"
List the names and contact details of employees who have no direct reports.,"SELECT e.firstName, e.lastName, e.email FROM employees e LEFT JOIN employees m ON e.employeeNumber = m.reportsTo WHERE m.employeeNumber IS NULL;"
Find all products that are out of stock and the product lines they belong to.,"SELECT p.productName, pl.productLine FROM products p JOIN productlines pl ON p.productLine = pl.productLine WHERE p.quantityInStock = 0;"
Get the total revenue for each product line and the total quantity ordered for each product in that line.,"SELECT pl.productLine, p.productName, SUM(od.quantityOrdered * od.priceEach) AS totalRevenue, SUM(od.quantityOrdered) AS totalQuantityOrdered FROM products p JOIN productlines pl ON p.productLine = pl.productLine JOIN orderdetails od ON p.productCode = od.productCode GROUP BY pl.productLine, p.productName;"
Find the top 3 products with the highest number of orders and list their product codes and names.,"SELECT p.productCode, p.productName, COUNT(od.orderNumber) AS orderCount FROM products p JOIN orderdetails od ON p.productCode = od.productCode GROUP BY p.productCode, p.productName ORDER BY orderCount DESC LIMIT 3;"
"List all customers and their orders, including the order dates and statuses, who are located in the same city as their office.","SELECT c.customerName, o.orderNumber, o.orderDate, o.status FROM customers c JOIN orders o ON c.customerNumber = o.customerNumber JOIN offices off ON c.city = off.city;"
"Find the names and descriptions of products that have been ordered more than 10 times, including their product lines.","SELECT p.productName, p.productDescription, pl.productLine FROM products p JOIN orderdetails od ON p.productCode = od.productCode JOIN productlines pl ON p.productLine = pl.productLine GROUP BY p.productName, p.productDescription HAVING COUNT(od.orderNumber) > 10;"
Get the total number of products ordered by each customer and list their names and total products ordered.,"SELECT c.customerName, SUM(od.quantityOrdered) AS totalProductsOrdered FROM customers c JOIN orders o ON c.customerNumber = o.customerNumber JOIN orderdetails od ON o.orderNumber = od.orderNumber GROUP BY c.customerName;"
Find employees who have the highest number of reports and list their names and number of reports.,"SELECT e1.firstName, e1.lastName, COUNT(e2.employeeNumber) AS numReports FROM employees e1 LEFT JOIN employees e2 ON e1.employeeNumber = e2.reportsTo GROUP BY e1.employeeNumber ORDER BY numReports DESC LIMIT 1;"
"List all orders, including the product names and the total amount for each order, for orders placed by a specific customer.","SELECT o.orderNumber, p.productName, od.quantityOrdered * od.priceEach AS totalAmount FROM orders o JOIN orderdetails od ON o.orderNumber = od.orderNumber JOIN products p ON od.productCode = p.productCode WHERE o.customerNumber = 101;"
Get the total number of payments made by each customer and list their names and payment counts.,"SELECT c.customerName, COUNT(p.checkNumber) AS paymentCount FROM customers c JOIN payments p ON c.customerNumber = p.customerNumber GROUP BY c.customerName;"
Find the top 5 products with the lowest quantity in stock and list their product names and quantities.,"SELECT p.productName, p.quantityInStock FROM products p ORDER BY p.quantityInStock ASC LIMIT 5;"
List the names of employees who have handled more than 10 orders and the total number of orders they handled.,"SELECT e.firstName, e.lastName, COUNT(o.orderNumber) AS orderCount FROM employees e JOIN customers c ON e.employeeNumber = c.salesRepEmployeeNumber JOIN orders o ON c.customerNumber = o.customerNumber GROUP BY e.employeeNumber HAVING orderCount > 10;"
Find the average amount spent on orders by customers with credit limits above $5000.,"SELECT AVG(totalSpent) AS avgAmountSpent FROM (SELECT c.customerName, SUM(od.quantityOrdered * od.priceEach) AS totalSpent FROM customers c JOIN orders o ON c.customerNumber = o.customerNumber JOIN orderdetails od ON o.orderNumber = od.orderNumber WHERE c.creditLimit > 5000 GROUP BY c.customerName) total_spent;"
Get the details of all products that have a quantity in stock less than 5 and list their names and quantities.,"SELECT p.productName, p.quantityInStock FROM products p WHERE p.quantityInStock < 5;"
List the names of customers who have made payments of more than $1000 and the total amount of their payments.,"SELECT c.customerName, SUM(p.amount) AS totalPayments FROM customers c JOIN payments p ON c.customerNumber = p.customerNumber GROUP BY c.customerName HAVING totalPayments > 1000;"
Find the total number of orders placed by each customer and list their names and total orders.,"SELECT c.customerName, COUNT(o.orderNumber) AS totalOrders FROM customers c JOIN orders o ON c.customerNumber = o.customerNumber GROUP BY c.customerName;"
Get the details of employees and their offices who have sold products with a price greater than $1000.,"SELECT e.firstName, e.lastName, o.city, o.country FROM employees e JOIN offices o ON e.officeCode = o.officeCode JOIN customers c ON e.employeeNumber = c.salesRepEmployeeNumber JOIN orders o ON c.customerNumber = o.customerNumber JOIN orderdetails od ON o.orderNumber = od.orderNumber JOIN products p ON od.productCode = p.productCode WHERE p.buyPrice > 1000;"
Find all products that have never been ordered and list their product names and product lines.,"SELECT p.productName, pl.productLine FROM products p LEFT JOIN orderdetails od ON p.productCode = od.productCode WHERE od.orderNumber IS NULL JOIN productlines pl ON p.productLine = pl.productLine;"
List the top 5 customers with the highest credit limit and their contact details.,"SELECT c.customerName, c.contactFirstName, c.contactLastName, c.creditLimit FROM customers c ORDER BY c.creditLimit DESC LIMIT 5;"
Get the number of orders with the status 'Shipped' and the total amount of these orders.,"SELECT COUNT(o.orderNumber) AS shippedOrdersCount, SUM(od.quantityOrdered * od.priceEach) AS totalShippedAmount FROM orders o JOIN orderdetails od ON o.orderNumber = od.orderNumber WHERE o.status = 'Shipped';"
Find the names of employees who have no direct reports and list their names and job titles.,"SELECT e.firstName, e.lastName, e.jobTitle FROM employees e LEFT JOIN employees m ON e.employeeNumber = m.reportsTo WHERE m.employeeNumber IS NULL;"
List all orders and their status along with the names of the products ordered for each order.,"SELECT o.orderNumber, o.status, p.productName FROM orders o JOIN orderdetails od ON o.orderNumber = od.orderNumber JOIN products p ON od.productCode = p.productCode;"
Get the total number of products ordered in each product line and list their names and quantities.,"SELECT pl.productLine, p.productName, SUM(od.quantityOrdered) AS totalQuantityOrdered FROM products p JOIN productlines pl ON p.productLine = pl.productLine JOIN orderdetails od ON p.productCode = od.productCode GROUP BY pl.productLine, p.productName;"
Find the names and emails of employees who work in offices located in the same state as their customers.,"SELECT e.firstName, e.lastName, e.email FROM employees e JOIN offices o ON e.officeCode = o.officeCode JOIN customers c ON o.state = c.state;"
List the names of customers who have ordered products from more than 2 different product lines.,SELECT c.customerName FROM customers c JOIN orders o ON c.customerNumber = o.customerNumber JOIN orderdetails od ON o.orderNumber = od.orderNumber JOIN products p ON od.productCode = p.productCode GROUP BY c.customerName HAVING COUNT(DISTINCT p.productLine) > 2;
Get the average number of products ordered per order for each product line.,"SELECT pl.productLine, AVG(order_count) AS avgProductsOrderedPerOrder FROM (SELECT p.productLine, o.orderNumber, COUNT(od.productCode) AS order_count FROM products p JOIN orderdetails od ON p.productCode = od.productCode JOIN orders o ON od.orderNumber = o.orderNumber GROUP BY p.productLine, o.orderNumber) order_counts GROUP BY pl.productLine;"
Find the names and contact details of employees who handle customers with the highest total payments.,"SELECT e.firstName, e.lastName, e.email FROM employees e JOIN customers c ON e.employeeNumber = c.salesRepEmployeeNumber JOIN payments p ON c.customerNumber = p.customerNumber GROUP BY e.employeeNumber HAVING SUM(p.amount) = (SELECT MAX(totalPayments) FROM (SELECT e2.employeeNumber, SUM(p.amount) AS totalPayments FROM employees e2 JOIN customers c2 ON e2.employeeNumber = c2.salesRepEmployeeNumber JOIN payments p ON c2.customerNumber = p.customerNumber GROUP BY e2.employeeNumber) total_per_employee);"
"List all orders with their statuses and the names of products ordered, including the total amount for each order.","SELECT o.orderNumber, o.status, p.productName, SUM(od.quantityOrdered * od.priceEach) AS totalAmount FROM orders o JOIN orderdetails od ON o.orderNumber = od.orderNumber JOIN products p ON od.productCode = p.productCode GROUP BY o.orderNumber, o.status, p.productName;"
Get the names and emails of employees who have handled the most orders.,"SELECT e.firstName, e.lastName, e.email FROM employees e JOIN customers c ON e.employeeNumber = c.salesRepEmployeeNumber JOIN orders o ON c.customerNumber = o.customerNumber GROUP BY e.employeeNumber ORDER BY COUNT(o.orderNumber) DESC LIMIT 1;"
Find the total number of unique products ordered by each customer.,"SELECT c.customerName, COUNT(DISTINCT od.productCode) AS uniqueProductsOrdered FROM customers c JOIN orders o ON c.customerNumber = o.customerNumber JOIN orderdetails od ON o.orderNumber = od.orderNumber GROUP BY c.customerName;"
List the top 5 most expensive products and their prices.,"SELECT p.productName, p.buyPrice FROM products p ORDER BY p.buyPrice DESC LIMIT 5;"
Get the average quantity ordered per order for each product line.,"SELECT pl.productLine, AVG(order_count) AS avgQuantityOrderedPerOrder FROM (SELECT p.productLine, o.orderNumber, SUM(od.quantityOrdered) AS order_count FROM products p JOIN orderdetails od ON p.productCode = od.productCode JOIN orders o ON od.orderNumber = o.orderNumber GROUP BY p.productLine, o.orderNumber) order_counts GROUP BY pl.productLine;"
Find the total revenue generated from orders in each city.,"SELECT o.city, SUM(od.quantityOrdered * od.priceEach) AS totalRevenue FROM orders o JOIN orderdetails od ON o.orderNumber = od.orderNumber GROUP BY o.city;"
List the names of employees who have the highest total sales and the number of orders they have handled.,"SELECT e.firstName, e.lastName, SUM(od.quantityOrdered * od.priceEach) AS totalSales, COUNT(o.orderNumber) AS orderCount FROM employees e JOIN customers c ON e.employeeNumber = c.salesRepEmployeeNumber JOIN orders o ON c.customerNumber = o.customerNumber JOIN orderdetails od ON o.orderNumber = od.orderNumber GROUP BY e.employeeNumber ORDER BY totalSales DESC LIMIT 1;"
Find the average payment amount made by each customer.,"SELECT c.customerName, AVG(p.amount) AS avgPaymentAmount FROM customers c JOIN payments p ON c.customerNumber = p.customerNumber GROUP BY c.customerName;"
List all products that have been ordered but not yet shipped.,"SELECT p.productName, od.quantityOrdered FROM products p JOIN orderdetails od ON p.productCode = od.productCode JOIN orders o ON od.orderNumber = o.orderNumber WHERE o.shippedDate IS NULL;"
Get the total number of products ordered for each product line and the total revenue for each line.,"SELECT pl.productLine, SUM(od.quantityOrdered) AS totalQuantityOrdered, SUM(od.quantityOrdered * od.priceEach) AS totalRevenue FROM products p JOIN productlines pl ON p.productLine = pl.productLine JOIN orderdetails od ON p.productCode = od.productCode GROUP BY pl.productLine;"
Find the top 10 customers with the most orders and list their names and the total number of orders they have placed.,"SELECT c.customerName, COUNT(o.orderNumber) AS totalOrders FROM customers c JOIN orders o ON c.customerNumber = o.customerNumber GROUP BY c.customerName ORDER BY totalOrders DESC LIMIT 10;"
List the names and total amount spent on orders by each customer who has made payments.,"SELECT c.customerName, SUM(od.quantityOrdered * od.priceEach) AS totalSpent FROM customers c JOIN orders o ON c.customerNumber = o.customerNumber JOIN orderdetails od ON o.orderNumber = od.orderNumber JOIN payments p ON c.customerNumber = p.customerNumber GROUP BY c.customerName;"
Find the top 5 customers with the highest number of different products ordered and list their names and number of unique products.,"SELECT c.customerName, COUNT(DISTINCT od.productCode) AS uniqueProductsOrdered FROM customers c JOIN orders o ON c.customerNumber = o.customerNumber JOIN orderdetails od ON o.orderNumber = od.orderNumber GROUP BY c.customerName ORDER BY uniqueProductsOrdered DESC LIMIT 5;"
List all orders along with the number of products ordered and the total amount for each order.,"SELECT o.orderNumber, COUNT(od.productCode) AS productCount, SUM(od.quantityOrdered * od.priceEach) AS totalAmount FROM orders o JOIN orderdetails od ON o.orderNumber = od.orderNumber GROUP BY o.orderNumber;"
Get the names and prices of products with the highest and lowest prices.,"SELECT MAX(buyPrice) AS highestPrice, MIN(buyPrice) AS lowestPrice FROM products;"
Find the names of employees who have sold products to the most number of unique customers.,"SELECT e.firstName, e.lastName, COUNT(DISTINCT o.customerNumber) AS uniqueCustomersServed FROM employees e JOIN customers c ON e.employeeNumber = c.salesRepEmployeeNumber JOIN orders o ON c.customerNumber = o.customerNumber GROUP BY e.employeeNumber ORDER BY uniqueCustomersServed DESC LIMIT 1;"
Get the total revenue generated from orders by each employee.,"SELECT e.firstName, e.lastName, SUM(od.quantityOrdered * od.priceEach) AS totalRevenue FROM employees e JOIN customers c ON e.employeeNumber = c.salesRepEmployeeNumber JOIN orders o ON c.customerNumber = o.customerNumber JOIN orderdetails od ON o.orderNumber = od.orderNumber GROUP BY e.employeeNumber;"
Find the top 3 products that have been ordered the most and list their names and order counts.,"SELECT p.productName, COUNT(od.orderNumber) AS orderCount FROM products p JOIN orderdetails od ON p.productCode = od.productCode GROUP BY p.productName ORDER BY orderCount DESC LIMIT 3;"
List the names of employees who have handled the highest total revenue from orders and the number of orders handled.,"SELECT e.firstName, e.lastName, SUM(od.quantityOrdered * od.priceEach) AS totalRevenue, COUNT(o.orderNumber) AS orderCount FROM employees e JOIN customers c ON e.employeeNumber = c.salesRepEmployeeNumber JOIN orders o ON c.customerNumber = o.customerNumber JOIN orderdetails od ON o.orderNumber = od.orderNumber GROUP BY e.employeeNumber ORDER BY totalRevenue DESC LIMIT 1;"
Get the average revenue per order for each product line.,"SELECT pl.productLine, AVG(order_total) AS avgRevenuePerOrder FROM (SELECT p.productLine, o.orderNumber, SUM(od.quantityOrdered * od.priceEach) AS order_total FROM products p JOIN orderdetails od ON p.productCode = od.productCode JOIN orders o ON od.orderNumber = o.orderNumber GROUP BY p.productLine, o.orderNumber) order_totals GROUP BY pl.productLine;"
Find the total revenue generated by each vendor.,"SELECT p.productVendor, SUM(od.quantityOrdered * od.priceEach) AS totalRevenue FROM products p JOIN orderdetails od ON p.productCode = od.productCode GROUP BY p.productVendor;"
Get the average amount spent by each customer on orders and list the top 10 customers by average amount spent.,"SELECT c.customerName, AVG(totalSpent) AS avgAmountSpent FROM (SELECT c.customerName, o.orderNumber, SUM(od.quantityOrdered * od.priceEach) AS totalSpent FROM customers c JOIN orders o ON c.customerNumber = o.customerNumber JOIN orderdetails od ON o.orderNumber = od.orderNumber GROUP BY c.customerName, o.orderNumber) order_totals GROUP BY c.customerName ORDER BY avgAmountSpent DESC LIMIT 10;"
List all products with a price between $500 and $1000 and their quantities in stock.,"SELECT p.productName, p.buyPrice, p.quantityInStock FROM products p WHERE p.buyPrice BETWEEN 500 AND 1000;"
Find the names of customers who have made payments but have not placed any orders.,SELECT c.customerName FROM customers c LEFT JOIN orders o ON c.customerNumber = o.customerNumber WHERE o.orderNumber IS NULL AND EXISTS (SELECT 1 FROM payments p WHERE p.customerNumber = c.customerNumber);
Get the total number of orders placed by each customer and the average order amount for those orders.,"SELECT c.customerName, COUNT(o.orderNumber) AS totalOrders, AVG(order_amount) AS avgOrderAmount FROM (SELECT c.customerName, o.orderNumber, SUM(od.quantityOrdered * od.priceEach) AS order_amount FROM customers c JOIN orders o ON c.customerNumber = o.customerNumber JOIN orderdetails od ON o.orderNumber = od.orderNumber GROUP BY c.customerName, o.orderNumber) order_totals GROUP BY c.customerName;"
Find the total revenue generated from orders with a status of 'Shipped' and list the top 5 customers by revenue.,"SELECT c.customerName, SUM(od.quantityOrdered * od.priceEach) AS totalRevenue FROM customers c JOIN orders o ON c.customerNumber = o.customerNumber JOIN orderdetails od ON o.orderNumber = od.orderNumber WHERE o.status = 'Shipped' GROUP BY c.customerName ORDER BY totalRevenue DESC LIMIT 5;"
Get the total number of products ordered from each product line and list the top 5 product lines by total products ordered.,"SELECT pl.productLine, SUM(od.quantityOrdered) AS totalProductsOrdered FROM products p JOIN productlines pl ON p.productLine = pl.productLine JOIN orderdetails od ON p.productCode = od.productCode GROUP BY pl.productLine ORDER BY totalProductsOrdered DESC LIMIT 5;"
List all employees and the total revenue generated by their customers' orders.,"SELECT e.firstName, e.lastName, SUM(od.quantityOrdered * od.priceEach) AS totalRevenue FROM employees e JOIN customers c ON e.employeeNumber = c.salesRepEmployeeNumber JOIN orders o ON c.customerNumber = o.customerNumber JOIN orderdetails od ON o.orderNumber = od.orderNumber GROUP BY e.employeeNumber;"
Find the names of customers who have ordered the highest number of products and list their total product count.,"SELECT c.customerName, COUNT(od.productCode) AS totalProductsOrdered FROM customers c JOIN orders o ON c.customerNumber = o.customerNumber JOIN orderdetails od ON o.orderNumber = od.orderNumber GROUP BY c.customerName ORDER BY totalProductsOrdered DESC LIMIT 1;"
Find all products and their corresponding product lines including their descriptions,"SELECT p.productName, pl.textDescription FROM products p INNER JOIN productlines pl ON p.productLine = pl.productLine;"
"List all employees and their offices including phone numbers, even if they don't have an office assigned","SELECT e.firstName, e.lastName, o.city, o.phone FROM employees e LEFT JOIN offices o ON e.officeCode = o.officeCode;"
"Find all customers and their orders, including those customers who haven't placed any orders","SELECT c.customerName, o.orderNumber FROM customers c LEFT JOIN orders o ON c.customerNumber = o.customerNumber;"
Get all orders and their corresponding order details with product names,"SELECT o.orderNumber, od.productCode, p.productName FROM orders o INNER JOIN orderdetails od ON o.orderNumber = od.orderNumber INNER JOIN products p ON od.productCode = p.productCode;"
"List all employees and the customers they have sold to, including those who have not sold to any customer","SELECT e.firstName, e.lastName, c.customerName FROM employees e LEFT JOIN customers c ON e.employeeNumber = c.salesRepEmployeeNumber;"
"Find all payments and the customers who made them, including customers with no payments","SELECT p.checkNumber, p.paymentDate, c.customerName FROM payments p LEFT JOIN customers c ON p.customerNumber = c.customerNumber;"
Get all orders and the corresponding payment details,"SELECT o.orderNumber, p.checkNumber, p.paymentDate FROM orders o LEFT JOIN payments p ON o.customerNumber = p.customerNumber;"
"List all products and their corresponding order details, including products with no order details","SELECT p.productName, od.quantityOrdered FROM products p LEFT JOIN orderdetails od ON p.productCode = od.productCode;"
Find all customers and their orders along with the corresponding order details,"SELECT c.customerName, o.orderNumber, od.productCode FROM customers c INNER JOIN orders o ON c.customerNumber = o.customerNumber INNER JOIN orderdetails od ON o.orderNumber = od.orderNumber;"
"List all offices and the employees assigned to them, including offices with no employees assigned","SELECT o.officeCode, o.city, e.firstName, e.lastName FROM offices o LEFT JOIN employees e ON o.officeCode = e.officeCode;"
"Find all products and their descriptions, including products with no descriptions","SELECT p.productName, p.productDescription, pl.textDescription FROM products p LEFT JOIN productlines pl ON p.productLine = pl.productLine;"
"Get the names of customers who have made payments, along with the payment details","SELECT c.customerName, p.checkNumber, p.paymentDate FROM customers c INNER JOIN payments p ON c.customerNumber = p.customerNumber;"
"List all products and the offices where they are available, including products with no associated offices","SELECT p.productName, o.city FROM products p LEFT JOIN orderdetails od ON p.productCode = od.productCode LEFT JOIN orders o ON od.orderNumber = o.orderNumber;"
"Find all orders and their details, including orders with no details","SELECT o.orderNumber, od.productCode, od.quantityOrdered FROM orders o LEFT JOIN orderdetails od ON o.orderNumber = od.orderNumber;"
"List all employees and their managers, including employees without managers","SELECT e.firstName AS Employee, m.firstName AS Manager FROM employees e LEFT JOIN employees m ON e.reportsTo = m.employeeNumber;"
"Find all orders and their payments, including orders with no payments","SELECT o.orderNumber, p.checkNumber, p.paymentDate FROM orders o LEFT JOIN payments p ON o.customerNumber = p.customerNumber;"
"Get all products and their sales representatives, including products without sales representatives","SELECT p.productName, e.firstName, e.lastName FROM products p LEFT JOIN orderdetails od ON p.productCode = od.productCode LEFT JOIN orders o ON od.orderNumber = o.orderNumber LEFT JOIN employees e ON o.customerNumber = e.employeeNumber;"
"List all employees and their office locations, including employees with no office location","SELECT e.firstName, e.lastName, o.city FROM employees e LEFT JOIN offices o ON e.officeCode = o.officeCode;"
Find all customers and their orders with their payment details,"SELECT c.customerName, o.orderNumber, p.checkNumber FROM customers c INNER JOIN orders o ON c.customerNumber = o.customerNumber LEFT JOIN payments p ON c.customerNumber = p.customerNumber;"
List all orders and their corresponding products with product descriptions,"SELECT o.orderNumber, p.productName, p.productDescription FROM orders o INNER JOIN orderdetails od ON o.orderNumber = od.orderNumber INNER JOIN products p ON od.productCode = p.productCode;"
"Get all employees and their customers, including employees who have no customers","SELECT e.firstName, e.lastName, c.customerName FROM employees e LEFT JOIN customers c ON e.employeeNumber = c.salesRepEmployeeNumber;"
"Find all products and their corresponding orders and customers, including products with no orders","SELECT p.productName, o.orderNumber, c.customerName FROM products p LEFT JOIN orderdetails od ON p.productCode = od.productCode LEFT JOIN orders o ON od.orderNumber = o.orderNumber LEFT JOIN customers c ON o.customerNumber = c.customerNumber;"
"List all offices and the employees located in them, including offices with no employees","SELECT o.officeCode, o.city, e.firstName FROM offices o LEFT JOIN employees e ON o.officeCode = e.officeCode;"
"Find all products and their corresponding customers and payments, including products with no payments","SELECT p.productName, c.customerName, p.paymentDate FROM products p LEFT JOIN orderdetails od ON p.productCode = od.productCode LEFT JOIN orders o ON od.orderNumber = o.orderNumber LEFT JOIN payments p ON o.customerNumber = p.customerNumber;"
"Get all customers and their orders, including customers with no orders","SELECT c.customerName, o.orderNumber FROM customers c LEFT JOIN orders o ON c.customerNumber = o.customerNumber;"
"List all employees and their offices, including employees with no office","SELECT e.firstName, e.lastName, o.city FROM employees e LEFT JOIN offices o ON e.officeCode = o.officeCode;"
"Find all products and their suppliers, including products with no suppliers","SELECT p.productName, e.firstName AS Supplier FROM products p LEFT JOIN orderdetails od ON p.productCode = od.productCode LEFT JOIN orders o ON od.orderNumber = o.orderNumber LEFT JOIN employees e ON o.customerNumber = e.employeeNumber;"
"Get all customers and their orders including the payment details, even if there is no payment made","SELECT c.customerName, o.orderNumber, p.checkNumber FROM customers c INNER JOIN orders o ON c.customerNumber = o.customerNumber LEFT JOIN payments p ON c.customerNumber = p.customerNumber;"
"Find all employees and their managers, including employees with no managers assigned","SELECT e.firstName AS Employee, m.firstName AS Manager FROM employees e LEFT JOIN employees m ON e.reportsTo = m.employeeNumber;"
"List all orders with their products and product lines, including orders with no associated product lines","SELECT o.orderNumber, p.productName, pl.textDescription FROM orders o INNER JOIN orderdetails od ON o.orderNumber = od.orderNumber INNER JOIN products p ON od.productCode = p.productCode LEFT JOIN productlines pl ON p.productLine = pl.productLine;"
"Find all employees and their office locations, including offices with no employees","SELECT e.firstName, e.lastName, o.city FROM employees e LEFT JOIN offices o ON e.officeCode = o.officeCode;"
"Get all customers and their orders along with product details, including customers with no orders","SELECT c.customerName, o.orderNumber, p.productName FROM customers c LEFT JOIN orders o ON c.customerNumber = o.customerNumber LEFT JOIN orderdetails od ON o.orderNumber = od.orderNumber LEFT JOIN products p ON od.productCode = p.productCode;"
"List all products and their orders, including products with no orders","SELECT p.productName, o.orderNumber FROM products p LEFT JOIN orderdetails od ON p.productCode = od.productCode LEFT JOIN orders o ON od.orderNumber = o.orderNumber;"
"Find all offices and their employees, including offices with no employees","SELECT o.officeCode, o.city, e.firstName FROM offices o LEFT JOIN employees e ON o.officeCode = e.officeCode;"
Get all employees and their customers including customers who have not been assigned,"SELECT e.firstName, e.lastName, c.customerName FROM employees e LEFT JOIN customers c ON e.employeeNumber = c.salesRepEmployeeNumber;"
"List all orders and the products ordered, including orders with no products","SELECT o.orderNumber, p.productName FROM orders o LEFT JOIN orderdetails od ON o.orderNumber = od.orderNumber LEFT JOIN products p ON od.productCode = p.productCode;"
"Find all products and their corresponding customers and payments, including products with no payment details","SELECT p.productName, c.customerName, p.paymentDate FROM products p LEFT JOIN orderdetails od ON p.productCode = od.productCode LEFT JOIN orders o ON od.orderNumber = o.orderNumber LEFT JOIN payments p ON o.customerNumber = p.customerNumber;"
"Get all employees and their offices, including offices with no employees assigned","SELECT e.firstName, e.lastName, o.city FROM employees e LEFT JOIN offices o ON e.officeCode = o.officeCode;"
"List all customers and their corresponding payments, including customers who have not made any payments","SELECT c.customerName, p.checkNumber FROM customers c LEFT JOIN payments p ON c.customerNumber = p.customerNumber;"
"Find all orders and their products with descriptions, including orders with no product details","SELECT o.orderNumber, p.productName, p.productDescription FROM orders o INNER JOIN orderdetails od ON o.orderNumber = od.orderNumber INNER JOIN products p ON od.productCode = p.productCode;"
"Get all products and their corresponding product lines and descriptions, including products without product lines","SELECT p.productName, pl.textDescription FROM products p LEFT JOIN productlines pl ON p.productLine = pl.productLine;"
"List all offices and the employees assigned to them, including offices with no employees","SELECT o.officeCode, o.city, e.firstName FROM offices o LEFT JOIN employees e ON o.officeCode = e.officeCode;"
"Find all customers and their orders with products, including customers with no orders","SELECT c.customerName, o.orderNumber, p.productName FROM customers c LEFT JOIN orders o ON c.customerNumber = o.customerNumber LEFT JOIN orderdetails od ON o.orderNumber = od.orderNumber LEFT JOIN products p ON od.productCode = p.productCode;"
"Get all orders and their payments, including orders with no payments","SELECT o.orderNumber, p.checkNumber FROM orders o LEFT JOIN payments p ON o.customerNumber = p.customerNumber;"
"List all products and their suppliers, including products with no suppliers","SELECT p.productName, e.firstName AS Supplier FROM products p LEFT JOIN orderdetails od ON p.productCode = od.productCode LEFT JOIN orders o ON od.orderNumber = o.orderNumber LEFT JOIN employees e ON o.customerNumber = e.employeeNumber;"
"Find all customers and their orders, including those with no orders","SELECT c.customerName, o.orderNumber FROM customers c LEFT JOIN orders o ON c.customerNumber = o.customerNumber;"
"Get all employees and their office locations, including those with no office","SELECT e.firstName, e.lastName, o.city FROM employees e LEFT JOIN offices o ON e.officeCode = o.officeCode;"
"List all products and their descriptions, including products with no descriptions","SELECT p.productName, p.productDescription FROM products p LEFT JOIN productlines pl ON p.productLine = pl.productLine;"
"Find all orders and their products, including orders with no products","SELECT o.orderNumber, p.productName FROM orders o LEFT JOIN orderdetails od ON o.orderNumber = od.orderNumber LEFT JOIN products p ON od.productCode = p.productCode;"
"Get all employees and their managers, including those without managers","SELECT e.firstName AS Employee, m.firstName AS Manager FROM employees e LEFT JOIN employees m ON e.reportsTo = m.employeeNumber;"
"List all products and their associated orders, including products with no orders","SELECT p.productName, o.orderNumber FROM products p LEFT JOIN orderdetails od ON p.productCode = od.productCode LEFT JOIN orders o ON od.orderNumber = o.orderNumber;"
"Find all offices and employees, including offices with no employees","SELECT o.officeCode, o.city, e.firstName FROM offices o LEFT JOIN employees e ON o.officeCode = e.officeCode;"
"Get all orders and their corresponding customers and payments, including orders with no payments","SELECT o.orderNumber, c.customerName, p.checkNumber FROM orders o LEFT JOIN customers c ON o.customerNumber = c.customerNumber LEFT JOIN payments p ON c.customerNumber = p.customerNumber;"
"List all customers and their orders, including customers with no orders","SELECT c.customerName, o.orderNumber FROM customers c LEFT JOIN orders o ON c.customerNumber = o.customerNumber;"
"Find all products and their corresponding product lines and descriptions, including products without product lines","SELECT p.productName, pl.textDescription FROM products p LEFT JOIN productlines pl ON p.productLine = pl.productLine;"
"Get all employees and their office locations, including employees with no office assigned","SELECT e.firstName, e.lastName, o.city FROM employees e LEFT JOIN offices o ON e.officeCode = o.officeCode;"
"List all orders and their products with descriptions, including orders with no products","SELECT o.orderNumber, p.productName, p.productDescription FROM orders o LEFT JOIN orderdetails od ON o.orderNumber = od.orderNumber LEFT JOIN products p ON od.productCode = p.productCode;"
"Find all customers and their payments, including customers who have not made any payments","SELECT c.customerName, p.checkNumber FROM customers c LEFT JOIN payments p ON c.customerNumber = p.customerNumber;"
"Get all products and their sales representatives, including products with no sales representatives","SELECT p.productName, e.firstName AS SalesRep FROM products p LEFT JOIN orderdetails od ON p.productCode = od.productCode LEFT JOIN orders o ON od.orderNumber = o.orderNumber LEFT JOIN employees e ON o.customerNumber = e.employeeNumber;"
"List all offices and their employees, including offices with no employees assigned","SELECT o.officeCode, o.city, e.firstName FROM offices o LEFT JOIN employees e ON o.officeCode = e.officeCode;"
"Find all orders and their customers, including orders with no customers","SELECT o.orderNumber, c.customerName FROM orders o LEFT JOIN customers c ON o.customerNumber = c.customerNumber;"
"Get all employees and their managers, including employees with no manager assigned","SELECT e.firstName AS Employee, m.firstName AS Manager FROM employees e LEFT JOIN employees m ON e.reportsTo = m.employeeNumber;"
"List all products and their order details, including products with no order details","SELECT p.productName, od.quantityOrdered FROM products p LEFT JOIN orderdetails od ON p.productCode = od.productCode;"
"Find all offices and the employees in them, including offices with no employees","SELECT o.officeCode, o.city, e.firstName FROM offices o LEFT JOIN employees e ON o.officeCode = e.officeCode;"
"Get all customers and their orders, including those with no orders","SELECT c.customerName, o.orderNumber FROM customers c LEFT JOIN orders o ON c.customerNumber = o.customerNumber;"
"List all products and their suppliers, including products with no suppliers","SELECT p.productName, e.firstName AS Supplier FROM products p LEFT JOIN orderdetails od ON p.productCode = od.productCode LEFT JOIN orders o ON od.orderNumber = o.orderNumber LEFT JOIN employees e ON o.customerNumber = e.employeeNumber;"
"Find all orders and their products with descriptions, including orders with no products","SELECT o.orderNumber, p.productName, p.productDescription FROM orders o LEFT JOIN orderdetails od ON o.orderNumber = od.orderNumber LEFT JOIN products p ON od.productCode = p.productCode;"
"Get all employees and their office locations, including employees without offices","SELECT e.firstName, e.lastName, o.city FROM employees e LEFT JOIN offices o ON e.officeCode = o.officeCode;"
"List all customers and their payments, including customers with no payments","SELECT c.customerName, p.checkNumber FROM customers c LEFT JOIN payments p ON c.customerNumber = p.customerNumber;"
"Find all products and their product lines, including products without product lines","SELECT p.productName, pl.productLine FROM products p LEFT JOIN productlines pl ON p.productLine = pl.productLine;"
"Get all orders and their products, including orders with no products","SELECT o.orderNumber, p.productName FROM orders o LEFT JOIN orderdetails od ON o.orderNumber = od.orderNumber LEFT JOIN products p ON od.productCode = p.productCode;"
"List all offices and their employees, including offices with no employees","SELECT o.officeCode, o.city, e.firstName FROM offices o LEFT JOIN employees e ON o.officeCode = e.officeCode;"
"Find all customers and their orders, including customers with no orders","SELECT c.customerName, o.orderNumber FROM customers c LEFT JOIN orders o ON c.customerNumber = o.customerNumber;"
"Get all employees and their managers, including employees without managers","SELECT e.firstName AS Employee, m.firstName AS Manager FROM employees e LEFT JOIN employees m ON e.reportsTo = m.employeeNumber;"
"List all products and their descriptions, including products with no descriptions","SELECT p.productName, p.productDescription FROM products p LEFT JOIN productlines pl ON p.productLine = pl.productLine;"
"Find all orders and their products, including orders with no products","SELECT o.orderNumber, p.productName FROM orders o LEFT JOIN orderdetails od ON o.orderNumber = od.orderNumber LEFT JOIN products p ON od.productCode = p.productCode;"
"Get all customers and their orders, including customers with no orders","SELECT c.customerName, o.orderNumber FROM customers c LEFT JOIN orders o ON c.customerNumber = o.customerNumber;"
"List all offices and their employees, including offices with no employees","SELECT o.officeCode, o.city, e.firstName FROM offices o LEFT JOIN employees e ON o.officeCode = e.officeCode;"
"Find all products and their product lines, including products without product lines","SELECT p.productName, pl.productLine FROM products p LEFT JOIN productlines pl ON p.productLine = pl.productLine;"
"Get all orders and their products with descriptions, including orders with no products","SELECT o.orderNumber, p.productName, p.productDescription FROM orders o LEFT JOIN orderdetails od ON o.orderNumber = od.orderNumber LEFT JOIN products p ON od.productCode = p.productCode;"
"List all customers and their payments, including customers with no payments","SELECT c.customerName, p.checkNumber FROM customers c LEFT JOIN payments p ON c.customerNumber = p.customerNumber;"
"Find all employees and their offices, including offices with no employees assigned","SELECT e.firstName, e.lastName, o.city FROM employees e LEFT JOIN offices o ON e.officeCode = o.officeCode;"
"Get all products and their orders, including products with no orders","SELECT p.productName, o.orderNumber FROM products p LEFT JOIN orderdetails od ON p.productCode = od.productCode LEFT JOIN orders o ON od.orderNumber = o.orderNumber;"
"List all offices and their employees, including offices with no employees","SELECT o.officeCode, o.city, e.firstName FROM offices o LEFT JOIN employees e ON o.officeCode = e.officeCode;"
"Find all customers and their orders, including customers with no orders","SELECT c.customerName, o.orderNumber FROM customers c LEFT JOIN orders o ON c.customerNumber = o.customerNumber;"
"Get all employees and their managers, including employees without managers","SELECT e.firstName AS Employee, m.firstName AS Manager FROM employees e LEFT JOIN employees m ON e.reportsTo = m.employeeNumber;"
"List all products and their descriptions, including products with no descriptions","SELECT p.productName, p.productDescription FROM products p LEFT JOIN productlines pl ON p.productLine = pl.productLine;"
"Find all orders and their products, including orders with no products","SELECT o.orderNumber, p.productName FROM orders o LEFT JOIN orderdetails od ON o.orderNumber = od.orderNumber LEFT JOIN products p ON od.productCode = p.productCode;"
"Get all customers and their orders, including customers with no orders","SELECT c.customerName, o.orderNumber FROM customers c LEFT JOIN orders o ON c.customerNumber = o.customerNumber;"
"List all offices and their employees, including offices with no employees","SELECT o.officeCode, o.city, e.firstName FROM offices o LEFT JOIN employees e ON o.officeCode = e.officeCode;"
"Find all products and their product lines, including products without product lines","SELECT p.productName, pl.productLine FROM products p LEFT JOIN productlines pl ON p.productLine = pl.productLine;"
"Get all orders and their products with descriptions, including orders with no products","SELECT o.orderNumber, p.productName, p.productDescription FROM orders o LEFT JOIN orderdetails od ON o.orderNumber = od.orderNumber LEFT JOIN products p ON od.productCode = p.productCode;"
"List all customers and their payments, including customers with no payments","SELECT c.customerName, p.checkNumber FROM customers c LEFT JOIN payments p ON c.customerNumber = p.customerNumber;"
"Find all employees and their offices, including offices with no employees assigned","SELECT e.firstName, e.lastName, o.city FROM employees e LEFT JOIN offices o ON e.officeCode = o.officeCode;"
"Get all products and their orders, including products with no orders","SELECT p.productName, o.orderNumber FROM products p LEFT JOIN orderdetails od ON p.productCode = od.productCode LEFT JOIN orders o ON od.orderNumber = o.orderNumber;"
"List all offices and their employees, including offices with no employees","SELECT o.officeCode, o.city, e.firstName FROM offices o LEFT JOIN employees e ON o.officeCode = e.officeCode;"
"Find all customers and their orders, including customers with no orders","SELECT c.customerName, o.orderNumber FROM customers c LEFT JOIN orders o ON c.customerNumber = o.customerNumber;"
"Get all employees and their managers, including employees without managers","SELECT e.firstName AS Employee, m.firstName AS Manager FROM employees e LEFT JOIN employees m ON e.reportsTo = m.employeeNumber;"
"List all products and their descriptions, including products with no descriptions","SELECT p.productName, p.productDescription FROM products p LEFT JOIN productlines pl ON p.productLine = pl.productLine;"
"Find all orders and their products, including orders with no products","SELECT o.orderNumber, p.productName FROM orders o LEFT JOIN orderdetails od ON o.orderNumber = od.orderNumber LEFT JOIN products p ON od.productCode = p.productCode;"
"Get all customers and their orders, including customers with no orders","SELECT c.customerName, o.orderNumber FROM customers c LEFT JOIN orders o ON c.customerNumber = o.customerNumber;"
"List all offices and their employees, including offices with no employees","SELECT o.officeCode, o.city, e.firstName FROM offices o LEFT JOIN employees e ON o.officeCode = e.officeCode;"
"Find all products and their product lines, including products without product lines","SELECT p.productName, pl.productLine FROM products p LEFT JOIN productlines pl ON p.productLine = pl.productLine;"
"Get all orders and their products with descriptions, including orders with no products","SELECT o.orderNumber, p.productName, p.productDescription FROM orders o LEFT JOIN orderdetails od ON o.orderNumber = od.orderNumber LEFT JOIN products p ON od.productCode = p.productCode;"
"List all customers and their payments, including customers with no payments","SELECT c.customerName, p.checkNumber FROM customers c LEFT JOIN payments p ON c.customerNumber = p.customerNumber;"
"Find all employees and their offices, including offices with no employees assigned","SELECT e.firstName, e.lastName, o.city FROM employees e LEFT JOIN offices o ON e.officeCode = o.officeCode;"
"Get all products and their orders, including products with no orders","SELECT p.productName, o.orderNumber FROM products p LEFT JOIN orderdetails od ON p.productCode = od.productCode LEFT JOIN orders o ON od.orderNumber = o.orderNumber;"
"List all offices and their employees, including offices with no employees","SELECT o.officeCode, o.city, e.firstName FROM offices o LEFT JOIN employees e ON o.officeCode = e.officeCode;"
"Find all customers and their orders, including customers with no orders","SELECT c.customerName, o.orderNumber FROM customers c LEFT JOIN orders o ON c.customerNumber = o.customerNumber;"
"Get all employees and their managers, including employees without managers","SELECT e.firstName AS Employee, m.firstName AS Manager FROM employees e LEFT JOIN employees m ON e.reportsTo = m.employeeNumber;"
"List all products and their descriptions, including products with no descriptions","SELECT p.productName, p.productDescription FROM products p LEFT JOIN productlines pl ON p.productLine = pl.productLine;"
"Find all orders and their products, including orders with no products","SELECT o.orderNumber, p.productName FROM orders o LEFT JOIN orderdetails od ON o.orderNumber = od.orderNumber LEFT JOIN products p ON od.productCode = p.productCode;"
"Get all customers and their orders, including customers with no orders","SELECT c.customerName, o.orderNumber FROM customers c LEFT JOIN orders o ON c.customerNumber = o.customerNumber;"
"List all offices and their employees, including offices with no employees","SELECT o.officeCode, o.city, e.firstName FROM offices o LEFT JOIN employees e ON o.officeCode = e.officeCode;"
"Find all products and their product lines, including products without product lines","SELECT p.productName, pl.productLine FROM products p LEFT JOIN productlines pl ON p.productLine = pl.productLine;"
"Get all orders and their products with descriptions, including orders with no products","SELECT o.orderNumber, p.productName, p.productDescription FROM orders o LEFT JOIN orderdetails od ON o.orderNumber = od.orderNumber LEFT JOIN products p ON od.productCode = p.productCode;"
"List all customers and their payments, including customers with no payments","SELECT c.customerName, p.checkNumber FROM customers c LEFT JOIN payments p ON c.customerNumber = p.customerNumber;"
"Find all employees and their offices, including offices with no employees assigned","SELECT e.firstName, e.lastName, o.city FROM employees e LEFT JOIN offices o ON e.officeCode = o.officeCode;"
"Get all products and their orders, including products with no orders","SELECT p.productName, o.orderNumber FROM products p LEFT JOIN orderdetails od ON p.productCode = od.productCode LEFT JOIN orders o ON od.orderNumber = o.orderNumber;"
"List all offices and their employees, including offices with no employees","SELECT o.officeCode, o.city, e.firstName FROM offices o LEFT JOIN employees e ON o.officeCode = e.officeCode;"
"Find all customers and their orders, including customers with no orders","SELECT c.customerName, o.orderNumber FROM customers c LEFT JOIN orders o ON c.customerNumber = o.customerNumber;"
"Get all employees and their managers, including employees without managers","SELECT e.firstName AS Employee, m.firstName AS Manager FROM employees e LEFT JOIN employees m ON e.reportsTo = m.employeeNumber;"
"List all products and their descriptions, including products with no descriptions","SELECT p.productName, p.productDescription FROM products p LEFT JOIN productlines pl ON p.productLine = pl.productLine;"
"Find all orders and their products, including orders with no products","SELECT o.orderNumber, p.productName FROM orders o LEFT JOIN orderdetails od ON o.orderNumber = od.orderNumber LEFT JOIN products p ON od.productCode = p.productCode;"
"Get all customers and their orders, including customers with no orders","SELECT c.customerName, o.orderNumber FROM customers c LEFT JOIN orders o ON c.customerNumber = o.customerNumber;"
"List all offices and their employees, including offices with no employees","SELECT o.officeCode, o.city, e.firstName FROM offices o LEFT JOIN employees e ON o.officeCode = e.officeCode;"
"Find all products and their product lines, including products without product lines","SELECT p.productName, pl.productLine FROM products p LEFT JOIN productlines pl ON p.productLine = pl.productLine;"
"Get all orders and their products with descriptions, including orders with no products","SELECT o.orderNumber, p.productName, p.productDescription FROM orders o LEFT JOIN orderdetails od ON o.orderNumber = od.orderNumber LEFT JOIN products p ON od.productCode = p.productCode;"
"List all customers and their payments, including customers with no payments","SELECT c.customerName, p.checkNumber FROM customers c LEFT JOIN payments p ON c.customerNumber = p.customerNumber;"
"Find all employees and their offices, including offices with no employees assigned","SELECT e.firstName, e.lastName, o.city FROM employees e LEFT JOIN offices o ON e.officeCode = o.officeCode;"
"Get all products and their orders, including products with no orders","SELECT p.productName, o.orderNumber FROM products p LEFT JOIN orderdetails od ON p.productCode = od.productCode LEFT JOIN orders o ON od.orderNumber = o.orderNumber;"
"List all offices and their employees, including offices with no employees","SELECT o.officeCode, o.city, e.firstName FROM offices o LEFT JOIN employees e ON o.officeCode = e.officeCode;"
"Find all customers and their orders, including customers with no orders","SELECT c.customerName, o.orderNumber FROM customers c LEFT JOIN orders o ON c.customerNumber = o.customerNumber;"
"Get all employees and their managers, including employees without managers","SELECT e.firstName AS Employee, m.firstName AS Manager FROM employees e LEFT JOIN employees m ON e.reportsTo = m.employeeNumber;"
"List all products and their descriptions, including products with no descriptions","SELECT p.productName, p.productDescription FROM products p LEFT JOIN productlines pl ON p.productLine = pl.productLine;"
"Find all orders and their products, including orders with no products","SELECT o.orderNumber, p.productName FROM orders o LEFT JOIN orderdetails od ON o.orderNumber = od.orderNumber LEFT JOIN products p ON od.productCode = p.productCode;"
"Get all customers and their orders, including customers with no orders","SELECT c.customerName, o.orderNumber FROM customers c LEFT JOIN orders o ON c.customerNumber = o.customerNumber;"
"List all offices and their employees, including offices with no employees","SELECT o.officeCode, o.city, e.firstName FROM offices o LEFT JOIN employees e ON o.officeCode = e.officeCode;"
"Find all products and their product lines, including products without product lines","SELECT p.productName, pl.productLine FROM products p LEFT JOIN productlines pl ON p.productLine = pl.productLine;"
"Get all orders and their products with descriptions, including orders with no products","SELECT o.orderNumber, p.productName, p.productDescription FROM orders o LEFT JOIN orderdetails od ON o.orderNumber = od.orderNumber LEFT JOIN products p ON od.productCode = p.productCode;"
"List all customers and their payments, including customers with no payments","SELECT c.customerName, p.checkNumber FROM customers c LEFT JOIN payments p ON c.customerNumber = p.customerNumber;"
"Find all employees and their offices, including offices with no employees assigned","SELECT e.firstName, e.lastName, o.city FROM employees e LEFT JOIN offices o ON e.officeCode = o.officeCode;"
"Get all products and their orders, including products with no orders","SELECT p.productName, o.orderNumber FROM products p LEFT JOIN orderdetails od ON p.productCode = od.productCode LEFT JOIN orders o ON od.orderNumber = o.orderNumber;"
"List all offices and their employees, including offices with no employees","SELECT o.officeCode, o.city, e.firstName FROM offices o LEFT JOIN employees e ON o.officeCode = e.officeCode;"
"Find all customers and their orders, including customers with no orders","SELECT c.customerName, o.orderNumber FROM customers c LEFT JOIN orders o ON c.customerNumber = o.customerNumber;"
"Get all employees and their managers, including employees without managers","SELECT e.firstName AS Employee, m.firstName AS Manager FROM employees e LEFT JOIN employees m ON e.reportsTo = m.employeeNumber;"
"List all products and their descriptions, including products with no descriptions","SELECT p.productName, p.productDescription FROM products p LEFT JOIN productlines pl ON p.productLine = pl.productLine;"
"Find all orders and their products, including orders with no products","SELECT o.orderNumber, p.productName FROM orders o LEFT JOIN orderdetails od ON o.orderNumber = od.orderNumber LEFT JOIN products p ON od.productCode = p.productCode;"
"Get all customers and their orders, including customers with no orders","SELECT c.customerName, o.orderNumber FROM customers c LEFT JOIN orders o ON c.customerNumber = o.customerNumber;"
"List all offices and their employees, including offices with no employees","SELECT o.officeCode, o.city, e.firstName FROM offices o LEFT JOIN employees e ON o.officeCode = e.officeCode;"
"Find all products and their product lines, including products without product lines","SELECT p.productName, pl.productLine FROM products p LEFT JOIN productlines pl ON p.productLine = pl.productLine;"
"Get all orders and their products with descriptions, including orders with no products","SELECT o.orderNumber, p.productName, p.productDescription FROM orders o LEFT JOIN orderdetails od ON o.orderNumber = od.orderNumber LEFT JOIN products p ON od.productCode = p.productCode;"
"List all customers and their payments, including customers with no payments","SELECT c.customerName, p.checkNumber FROM customers c LEFT JOIN payments p ON c.customerNumber = p.customerNumber;"
"Find all employees and their offices, including offices with no employees assigned","SELECT e.firstName, e.lastName, o.city FROM employees e LEFT JOIN offices o ON e.officeCode = o.officeCode;"
"Get all products and their orders, including products with no orders","SELECT p.productName, o.orderNumber FROM products p LEFT JOIN orderdetails od ON p.productCode = od.productCode LEFT JOIN orders o ON od.orderNumber = o.orderNumber;"
"List all offices and their employees, including offices with no employees","SELECT o.officeCode, o.city, e.firstName FROM offices o LEFT JOIN employees e ON o.officeCode = e.officeCode;"
"Find all customers and their orders, including customers with no orders","SELECT c.customerName, o.orderNumber FROM customers c LEFT JOIN orders o ON c.customerNumber = o.customerNumber;"
"Get all employees and their managers, including employees without managers","SELECT e.firstName AS Employee, m.firstName AS Manager FROM employees e LEFT JOIN employees m ON e.reportsTo = m.employeeNumber;"
"List all products and their descriptions, including products with no descriptions","SELECT p.productName, p.productDescription FROM products p LEFT JOIN productlines pl ON p.productLine = pl.productLine;"
"Find all orders and their products, including orders with no products","SELECT o.orderNumber, p.productName FROM orders o LEFT JOIN orderdetails od ON o.orderNumber = od.orderNumber LEFT JOIN products p ON od.productCode = p.productCode;"
"Get all customers and their orders, including customers with no orders","SELECT c.customerName, o.orderNumber FROM customers c LEFT JOIN orders o ON c.customerNumber = o.customerNumber;"
"List all offices and their employees, including offices with no employees","SELECT o.officeCode, o.city, e.firstName FROM offices o LEFT JOIN employees e ON o.officeCode = e.officeCode;"
"Find all products and their product lines, including products without product lines","SELECT p.productName, pl.productLine FROM products p LEFT JOIN productlines pl ON p.productLine = pl.productLine;"
"Get all orders and their products with descriptions, including orders with no products","SELECT o.orderNumber, p.productName, p.productDescription FROM orders o LEFT JOIN orderdetails od ON o.orderNumber = od.orderNumber LEFT JOIN products p ON od.productCode = p.productCode;"
"List all customers and their payments, including customers with no payments","SELECT c.customerName, p.checkNumber FROM customers c LEFT JOIN payments p ON c.customerNumber = p.customerNumber;"
"Find all employees and their offices, including offices with no employees assigned","SELECT e.firstName, e.lastName, o.city FROM employees e LEFT JOIN offices o ON e.officeCode = o.officeCode;"
"Get all products and their orders, including products with no orders","SELECT p.productName, o.orderNumber FROM products p LEFT JOIN orderdetails od ON p.productCode = od.productCode LEFT JOIN orders o ON od.orderNumber = o.orderNumber;"
"List all offices and their employees, including offices with no employees","SELECT o.officeCode, o.city, e.firstName FROM offices o LEFT JOIN employees e ON o.officeCode = e.officeCode;"
"Find all customers and their orders, including customers with no orders","SELECT c.customerName, o.orderNumber FROM customers c LEFT JOIN orders o ON c.customerNumber = o.customerNumber;"
"Get all employees and their managers, including employees without managers","SELECT e.firstName AS Employee, m.firstName AS Manager FROM employees e LEFT JOIN employees m ON e.reportsTo = m.employeeNumber;"
"List all products and their descriptions, including products with no descriptions","SELECT p.productName, p.productDescription FROM products p LEFT JOIN productlines pl ON p.productLine = pl.productLine;"
"Find all orders and their products, including orders with no products","SELECT o.orderNumber, p.productName FROM orders o LEFT JOIN orderdetails od ON o.orderNumber = od.orderNumber LEFT JOIN products p ON od.productCode = p.productCode;"
"Get all customers and their orders, including customers with no orders","SELECT c.customerName, o.orderNumber FROM customers c LEFT JOIN orders o ON c.customerNumber = o.customerNumber;"
"List all offices and their employees, including offices with no employees","SELECT o.officeCode, o.city, e.firstName FROM offices o LEFT JOIN employees e ON o.officeCode = e.officeCode;"
"Find all products and their product lines, including products without product lines","SELECT p.productName, pl.productLine FROM products p LEFT JOIN productlines pl ON p.productLine = pl.productLine;"
"Get all orders and their products with descriptions, including orders with no products","SELECT o.orderNumber, p.productName, p.productDescription FROM orders o LEFT JOIN orderdetails od ON o.orderNumber = od.orderNumber LEFT JOIN products p ON od.productCode = p.productCode;"
"List all customers and their payments, including customers with no payments","SELECT c.customerName, p.checkNumber FROM customers c LEFT JOIN payments p ON c.customerNumber = p.customerNumber;"
"Find all employees and their offices, including offices with no employees assigned","SELECT e.firstName, e.lastName, o.city FROM employees e LEFT JOIN offices o ON e.officeCode = o.officeCode;"
"Get all products and their orders, including products with no orders","SELECT p.productName, o.orderNumber FROM products p LEFT JOIN orderdetails od ON p.productCode = od.productCode LEFT JOIN orders o ON od.orderNumber = o.orderNumber;"
"List all offices and their employees, including offices with no employees","SELECT o.officeCode, o.city, e.firstName FROM offices o LEFT JOIN employees e ON o.officeCode = e.officeCode;"
"Find all customers and their orders, including customers with no orders","SELECT c.customerName, o.orderNumber FROM customers c LEFT JOIN orders o ON c.customerNumber = o.customerNumber;"
"Get all employees and their managers, including employees without managers","SELECT e.firstName AS Employee, m.firstName AS Manager FROM employees e LEFT JOIN employees m ON e.reportsTo = m.employeeNumber;"
"List all products and their descriptions, including products with no descriptions","SELECT p.productName, p.productDescription FROM products p LEFT JOIN productlines pl ON p.productLine = pl.productLine;"
"Find all orders and their products, including orders with no products","SELECT o.orderNumber, p.productName FROM orders o LEFT JOIN orderdetails od ON o.orderNumber = od.orderNumber LEFT JOIN products p ON od.productCode = p.productCode;"
"Get all customers and their orders, including customers with no orders","SELECT c.customerName, o.orderNumber FROM customers c LEFT JOIN orders o ON c.customerNumber = o.customerNumber;"
"List all offices and their employees, including offices with no employees","SELECT o.officeCode, o.city, e.firstName FROM offices o LEFT JOIN employees e ON o.officeCode = e.officeCode;"
"Find all products and their product lines, including products without product lines","SELECT p.productName, pl.productLine FROM products p LEFT JOIN productlines pl ON p.productLine = pl.productLine;"
"Get all orders and their products with descriptions, including orders with no products","SELECT o.orderNumber, p.productName, p.productDescription FROM orders o LEFT JOIN orderdetails od ON o.orderNumber = od.orderNumber LEFT JOIN products p ON od.productCode = p.productCode;"
"List all customers and their payments, including customers with no payments","SELECT c.customerName, p.checkNumber FROM customers c LEFT JOIN payments p ON c.customerNumber = p.customerNumber;"
"Find all employees and their offices, including offices with no employees assigned","SELECT e.firstName, e.lastName, o.city FROM employees e LEFT JOIN offices o ON e.officeCode = o.officeCode;"
"Get all products and their orders, including products with no orders","SELECT p.productName, o.orderNumber FROM products p LEFT JOIN orderdetails od ON p.productCode = od.productCode LEFT JOIN orders o ON od.orderNumber = o.orderNumber;"
Find the names of customers who have made payments exceeding $1000,SELECT customerName FROM customers WHERE customerNumber IN (SELECT customerNumber FROM payments WHERE amount > 1000);
List the product names and their prices for products that have been ordered more than 50 times,"SELECT productName, buyPrice FROM products WHERE productCode IN (SELECT productCode FROM orderdetails GROUP BY productCode HAVING SUM(quantityOrdered) > 50);"
Get the average payment amount for customers from each country,"SELECT country, AVG(amount) as avg_payment FROM customers JOIN payments ON customers.customerNumber = payments.customerNumber GROUP BY country;"
Find the names of employees who report to an employee in a specific office code,"SELECT e1.firstName, e1.lastName FROM employees e1 JOIN employees e2 ON e1.reportsTo = e2.employeeNumber WHERE e2.officeCode = '1';"
List all product lines with descriptions where no product has a MSRP greater than $500,"SELECT productLine, textDescription FROM productlines WHERE productLine NOT IN (SELECT productLine FROM products WHERE MSRP > 500);"
Find the total amount of payments made by customers in 'USA' and 'Canada',"SELECT SUM(amount) as total_payment FROM payments JOIN customers ON payments.customerNumber = customers.customerNumber WHERE country IN ('USA', 'Canada');"
Get the names of customers who have ordered products from more than 3 different product lines,SELECT customerName FROM customers WHERE customerNumber IN (SELECT customerNumber FROM orders JOIN orderdetails ON orders.orderNumber = orderdetails.orderNumber JOIN products ON orderdetails.productCode = products.productCode GROUP BY customerNumber HAVING COUNT(DISTINCT productLine) > 3);
Find the highest priced product in each product line,"SELECT productLine, MAX(MSRP) as highest_price FROM products GROUP BY productLine;"
List all customers who have ordered more than 5 products with a unit price greater than $20,SELECT customerName FROM customers WHERE customerNumber IN (SELECT customerNumber FROM orders JOIN orderdetails ON orders.orderNumber = orderdetails.orderNumber WHERE priceEach > 20 GROUP BY customerNumber HAVING COUNT(productCode) > 5);
Get the total number of orders and total amount spent by each customer,"SELECT customerName, COUNT(orders.orderNumber) as total_orders, SUM(amount) as total_spent FROM customers JOIN orders ON customers.customerNumber = orders.customerNumber JOIN orderdetails ON orders.orderNumber = orderdetails.orderNumber JOIN payments ON customers.customerNumber = payments.customerNumber GROUP BY customerName;"
Find employees who work in the same office as an employee with the job title 'Sales Manager',"SELECT firstName, lastName FROM employees WHERE officeCode = (SELECT officeCode FROM employees WHERE jobTitle = 'Sales Manager');"
List all orders and their corresponding comments where the shipping date is after the required date,"SELECT orderNumber, comments FROM orders WHERE shippedDate > requiredDate;"
Find customers who have made payments but have not placed any orders,SELECT customerName FROM customers WHERE customerNumber IN (SELECT customerNumber FROM payments) AND customerNumber NOT IN (SELECT customerNumber FROM orders);
Get the total quantity ordered and total price for each product where the total quantity ordered is greater than 100,"SELECT productCode, SUM(quantityOrdered) as total_quantity, SUM(priceEach * quantityOrdered) as total_price FROM orderdetails GROUP BY productCode HAVING SUM(quantityOrdered) > 100;"
List the product names and their corresponding product lines for products ordered by customers in 'USA',"SELECT DISTINCT productName, productLine FROM products JOIN orderdetails ON products.productCode = orderdetails.productCode JOIN orders ON orderdetails.orderNumber = orders.orderNumber JOIN customers ON orders.customerNumber = customers.customerNumber WHERE customers.country = 'USA';"
Find the names of employees who have never made a sale,"SELECT firstName, lastName FROM employees WHERE employeeNumber NOT IN (SELECT salesRepEmployeeNumber FROM customers);"
Get the product codes and names of products that have never been ordered,"SELECT productCode, productName FROM products WHERE productCode NOT IN (SELECT productCode FROM orderdetails);"
List all offices and their cities where the total number of employees is more than 5,SELECT city FROM offices WHERE officeCode IN (SELECT officeCode FROM employees GROUP BY officeCode HAVING COUNT(employeeNumber) > 5);
Find the average buy price of products in each product line where the total quantity ordered is above the average quantity ordered for all products,"SELECT productLine, AVG(buyPrice) as avg_buyPrice FROM products WHERE productCode IN (SELECT productCode FROM orderdetails GROUP BY productCode HAVING SUM(quantityOrdered) > (SELECT AVG(quantityOrdered) FROM orderdetails)) GROUP BY productLine;"
Get the names of customers who have placed orders with comments longer than 50 characters,SELECT customerName FROM customers JOIN orders ON customers.customerNumber = orders.customerNumber WHERE LENGTH(comments) > 50;
Find the product lines where all products have a price greater than $30,SELECT productLine FROM productlines WHERE productLine NOT IN (SELECT productLine FROM products WHERE MSRP <= 30);
List all employees and their managers' names where the manager's last name starts with 'S',"SELECT e1.firstName as EmployeeFirstName, e1.lastName as EmployeeLastName, e2.firstName as ManagerFirstName, e2.lastName as ManagerLastName FROM employees e1 JOIN employees e2 ON e1.reportsTo = e2.employeeNumber WHERE e2.lastName LIKE 'S%';"
Get the average payment amount for customers grouped by their state,"SELECT state, AVG(amount) as avg_payment FROM customers JOIN payments ON customers.customerNumber = payments.customerNumber GROUP BY state;"
Find the highest quantity ordered for any product in orders where the product code is not in the top 5 most ordered products,SELECT MAX(quantityOrdered) as highest_quantity FROM orderdetails WHERE productCode NOT IN (SELECT productCode FROM orderdetails GROUP BY productCode ORDER BY SUM(quantityOrdered) DESC LIMIT 5);
List the names of customers who have placed orders but have not made any payments,SELECT customerName FROM customers WHERE customerNumber IN (SELECT customerNumber FROM orders) AND customerNumber NOT IN (SELECT customerNumber FROM payments);
Find the total sales amount for each employee where the total sales amount is more than the average sales amount for all employees,"SELECT e.firstName, e.lastName, SUM(od.priceEach * od.quantityOrdered) as total_sales FROM employees e JOIN customers c ON e.employeeNumber = c.salesRepEmployeeNumber JOIN orders o ON c.customerNumber = o.customerNumber JOIN orderdetails od ON o.orderNumber = od.orderNumber GROUP BY e.employeeNumber HAVING SUM(od.priceEach * od.quantityOrdered) > (SELECT AVG(total_sales) FROM (SELECT SUM(od.priceEach * od.quantityOrdered) as total_sales FROM employees e JOIN customers c ON e.employeeNumber = c.salesRepEmployeeNumber JOIN orders o ON c.customerNumber = o.customerNumber JOIN orderdetails od ON o.orderNumber = od.orderNumber GROUP BY e.employeeNumber) as sales_avg);"
Get the names of customers who have ordered products with a buy price greater than the average buy price,SELECT DISTINCT customerName FROM customers JOIN orders ON customers.customerNumber = orders.customerNumber JOIN orderdetails ON orders.orderNumber = orderdetails.orderNumber JOIN products ON orderdetails.productCode = products.productCode WHERE buyPrice > (SELECT AVG(buyPrice) FROM products);
List all products with their descriptions where the product line has a description containing the word 'Technology',"SELECT productName, productDescription FROM products JOIN productlines ON products.productLine = productlines.productLine WHERE textDescription LIKE '%Technology%';"
Find the names of customers who have ordered more than the average quantity of all products,SELECT customerName FROM customers WHERE customerNumber IN (SELECT customerNumber FROM orders JOIN orderdetails ON orders.orderNumber = orderdetails.orderNumber GROUP BY customerNumber HAVING SUM(quantityOrdered) > (SELECT AVG(quantityOrdered) FROM orderdetails));
Get the average number of employees per office,"SELECT AVG(employee_count) as avg_employees FROM (SELECT officeCode, COUNT(employeeNumber) as employee_count FROM employees GROUP BY officeCode) as office_counts;"
Find the total number of products ordered by each customer where the total quantity ordered is greater than 10,"SELECT customerName, SUM(quantityOrdered) as total_quantity FROM customers JOIN orders ON customers.customerNumber = orders.customerNumber JOIN orderdetails ON orders.orderNumber = orderdetails.orderNumber GROUP BY customerName HAVING SUM(quantityOrdered) > 10;"
List all products that have never been ordered by customers from 'USA',SELECT productName FROM products WHERE productCode NOT IN (SELECT productCode FROM orderdetails JOIN orders ON orderdetails.orderNumber = orders.orderNumber JOIN customers ON orders.customerNumber = customers.customerNumber WHERE customers.country = 'USA');
Find the office with the highest number of employees,"SELECT officeCode, city FROM offices WHERE officeCode = (SELECT officeCode FROM employees GROUP BY officeCode ORDER BY COUNT(employeeNumber) DESC LIMIT 1);"
Get the names of customers who have ordered products that are only available in one product line,SELECT customerName FROM customers WHERE customerNumber IN (SELECT customerNumber FROM orders JOIN orderdetails ON orders.orderNumber = orderdetails.orderNumber JOIN products ON orderdetails.productCode = products.productCode GROUP BY customerNumber HAVING COUNT(DISTINCT productLine) = 1);
Find employees who have never made a sale but work in offices with at least 10 employees,"SELECT firstName, lastName FROM employees WHERE employeeNumber NOT IN (SELECT salesRepEmployeeNumber FROM customers) AND officeCode IN (SELECT officeCode FROM employees GROUP BY officeCode HAVING COUNT(employeeNumber) >= 10);"
List the names of products with their descriptions that are priced above the median MSRP,"SELECT productName, productDescription FROM products WHERE MSRP > (SELECT MEDIAN(MSRP) FROM products);"
Get the names of customers who have made payments in all months of the current year,SELECT customerName FROM customers WHERE customerNumber IN (SELECT customerNumber FROM payments WHERE YEAR(paymentDate) = YEAR(CURDATE()) GROUP BY customerNumber HAVING COUNT(DISTINCT MONTH(paymentDate)) = 12);
Find the employees who have made sales but not in the last 6 months,"SELECT firstName, lastName FROM employees WHERE employeeNumber IN (SELECT salesRepEmployeeNumber FROM customers JOIN orders ON customers.customerNumber = orders.customerNumber WHERE orderNumber IN (SELECT orderNumber FROM orders WHERE orderDate < DATE_SUB(CURDATE(), INTERVAL 6 MONTH)));"
List all product lines where the average MSRP of products is higher than the highest MSRP in the 'Technology' product line,SELECT productLine FROM productlines WHERE (SELECT AVG(MSRP) FROM products WHERE productLine = productlines.productLine) > (SELECT MAX(MSRP) FROM products WHERE productLine = 'Technology');
Get the average quantity ordered for products that are in the top 5 most ordered products,SELECT AVG(quantityOrdered) as avg_quantity FROM orderdetails WHERE productCode IN (SELECT productCode FROM orderdetails GROUP BY productCode ORDER BY SUM(quantityOrdered) DESC LIMIT 5);
Find the department with the highest ranking where the head is younger than 35,SELECT * FROM department WHERE Ranking = (SELECT MAX(Ranking) FROM department WHERE Department_ID IN (SELECT department_ID FROM management WHERE head_ID IN (SELECT head_ID FROM head WHERE age < 35)));
List all orders that have comments containing the word 'Urgent' but where the shipped date is NULL,"SELECT orderNumber, comments FROM orders WHERE comments LIKE '%Urgent%' AND shippedDate IS NULL;"
Find the highest paying customer for each office,"SELECT officeCode, customerName, MAX(amount) as highest_payment FROM offices JOIN employees ON offices.officeCode = employees.officeCode JOIN customers ON employees.employeeNumber = customers.salesRepEmployeeNumber JOIN payments ON customers.customerNumber = payments.customerNumber GROUP BY officeCode;"
Get the total number of orders and the total amount of payments made by customers from each state,"SELECT state, COUNT(orders.orderNumber) as total_orders, SUM(payments.amount) as total_payments FROM customers JOIN orders ON customers.customerNumber = orders.customerNumber JOIN payments ON customers.customerNumber = payments.customerNumber GROUP BY state;"
Find the customers who have ordered products with a unit price higher than the average unit price of all products,SELECT customerName FROM customers JOIN orders ON customers.customerNumber = orders.customerNumber JOIN orderdetails ON orders.orderNumber = orderdetails.orderNumber JOIN products ON orderdetails.productCode = products.productCode WHERE priceEach > (SELECT AVG(priceEach) FROM orderdetails);
List all employees who report to a manager with more than 10 subordinates,"SELECT e1.firstName, e1.lastName FROM employees e1 JOIN employees e2 ON e1.reportsTo = e2.employeeNumber WHERE e2.employeeNumber IN (SELECT reportsTo FROM employees GROUP BY reportsTo HAVING COUNT(employeeNumber) > 10);"
Find the names of customers who have ordered products that are priced below the median price and have made payments in the last 6 months,"SELECT DISTINCT customerName FROM customers JOIN orders ON customers.customerNumber = orders.customerNumber JOIN orderdetails ON orders.orderNumber = orderdetails.orderNumber JOIN products ON orderdetails.productCode = products.productCode JOIN payments ON customers.customerNumber = payments.customerNumber WHERE MSRP < (SELECT MEDIAN(MSRP) FROM products) AND paymentDate > DATE_SUB(CURDATE(), INTERVAL 6 MONTH);"
Get the total amount spent by each customer on products from the 'Accessories' product line,"SELECT customerName, SUM(priceEach * quantityOrdered) as total_spent FROM customers JOIN orders ON customers.customerNumber = orders.customerNumber JOIN orderdetails ON orders.orderNumber = orderdetails.orderNumber JOIN products ON orderdetails.productCode = products.productCode WHERE productLine = 'Accessories' GROUP BY customerName;"
List all products where the total quantity ordered is less than the average quantity ordered for all products,SELECT productName FROM products WHERE productCode IN (SELECT productCode FROM orderdetails GROUP BY productCode HAVING SUM(quantityOrdered) < (SELECT AVG(quantityOrdered) FROM orderdetails));
Find the total amount of payments made by customers in 'France' who have ordered more than 3 products,SELECT SUM(amount) as total_payment FROM payments JOIN customers ON payments.customerNumber = customers.customerNumber JOIN orders ON customers.customerNumber = orders.customerNumber JOIN orderdetails ON orders.orderNumber = orderdetails.orderNumber WHERE customers.country = 'France' AND customers.customerNumber IN (SELECT customerNumber FROM orders JOIN orderdetails ON orders.orderNumber = orderdetails.orderNumber GROUP BY customerNumber HAVING COUNT(productCode) > 3);
Get the names of employees who work in offices where the number of employees is less than the average number of employees per office,"SELECT firstName, lastName FROM employees WHERE officeCode IN (SELECT officeCode FROM offices WHERE (SELECT AVG(employee_count) FROM (SELECT officeCode, COUNT(employeeNumber) as employee_count FROM employees GROUP BY officeCode) as office_counts) > (SELECT COUNT(employeeNumber) FROM employees GROUP BY officeCode));"
List all customers who have ordered products from more than one product line,SELECT customerName FROM customers WHERE customerNumber IN (SELECT customerNumber FROM orders JOIN orderdetails ON orders.orderNumber = orderdetails.orderNumber JOIN products ON orderdetails.productCode = products.productCode GROUP BY customerNumber HAVING COUNT(DISTINCT productLine) > 1);
Find the top 3 most expensive products in each product line,"SELECT productLine, productName, MSRP FROM products WHERE (productLine, MSRP) IN (SELECT productLine, MAX(MSRP) FROM products GROUP BY productLine ORDER BY MSRP DESC LIMIT 3);"
Get the average payment amount for customers from 'USA' who have made at least 2 payments,SELECT AVG(amount) as avg_payment FROM payments JOIN customers ON payments.customerNumber = customers.customerNumber WHERE customers.country = 'USA' GROUP BY customerNumber HAVING COUNT(checkNumber) >= 2;
List all product names and their descriptions where the buy price is less than the median buy price,"SELECT productName, productDescription FROM products WHERE buyPrice < (SELECT MEDIAN(buyPrice) FROM products);"
Find the customers who have made payments in all four quarters of the current year,SELECT customerName FROM customers WHERE customerNumber IN (SELECT customerNumber FROM payments WHERE YEAR(paymentDate) = YEAR(CURDATE()) GROUP BY customerNumber HAVING COUNT(DISTINCT QUARTER(paymentDate)) = 4);
Get the names of employees who have ordered more than the average quantity of products per order,"SELECT firstName, lastName FROM employees WHERE employeeNumber IN (SELECT salesRepEmployeeNumber FROM customers JOIN orders ON customers.customerNumber = orders.customerNumber JOIN orderdetails ON orders.orderNumber = orderdetails.orderNumber GROUP BY salesRepEmployeeNumber HAVING AVG(quantityOrdered) > (SELECT AVG(quantityOrdered) FROM orderdetails));"
List the total quantity ordered for each product and the number of orders where the quantity ordered is greater than 50,"SELECT productCode, SUM(quantityOrdered) as total_quantity, COUNT(DISTINCT orderNumber) as order_count FROM orderdetails GROUP BY productCode HAVING SUM(quantityOrdered) > 50;"
Find the highest selling product in terms of total sales amount for each office,"SELECT officeCode, productCode, SUM(priceEach * quantityOrdered) as total_sales FROM employees JOIN customers ON employees.employeeNumber = customers.salesRepEmployeeNumber JOIN orders ON customers.customerNumber = orders.customerNumber JOIN orderdetails ON orders.orderNumber = orderdetails.orderNumber GROUP BY officeCode, productCode ORDER BY total_sales DESC LIMIT 1;"
Get the names of customers who have made payments greater than the average payment amount of their respective country,SELECT customerName FROM customers JOIN payments ON customers.customerNumber = payments.customerNumber WHERE amount > (SELECT AVG(amount) FROM payments JOIN customers ON payments.customerNumber = customers.customerNumber WHERE customers.country = customers.country);
Find the employees who have worked in offices with fewer than 5 employees and have never reported to a manager,"SELECT firstName, lastName FROM employees WHERE officeCode IN (SELECT officeCode FROM employees GROUP BY officeCode HAVING COUNT(employeeNumber) < 5) AND reportsTo IS NULL;"
List the names of customers who have ordered more than the average number of products per order,"SELECT customerName FROM customers JOIN orders ON customers.customerNumber = orders.customerNumber JOIN orderdetails ON orders.orderNumber = orderdetails.orderNumber GROUP BY customerName HAVING COUNT(productCode) > (SELECT AVG(product_count) FROM (SELECT orderNumber, COUNT(productCode) as product_count FROM orderdetails GROUP BY orderNumber) as order_counts);"
Find the total payment amount for each customer who has ordered products in all product lines,"SELECT customerName, SUM(amount) as total_payment FROM customers JOIN orders ON customers.customerNumber = orders.customerNumber JOIN orderdetails ON orders.orderNumber = orderdetails.orderNumber JOIN products ON orderdetails.productCode = products.productCode GROUP BY customerName HAVING COUNT(DISTINCT productLine) = (SELECT COUNT(DISTINCT productLine) FROM products);"
Get the names of products that have a buy price higher than the average buy price for their product line,SELECT productName FROM products WHERE buyPrice > (SELECT AVG(buyPrice) FROM products WHERE productLine = products.productLine);
List all orders where the comments contain the word 'delayed' and the shipped date is before the required date,"SELECT orderNumber, comments FROM orders WHERE comments LIKE '%delayed%' AND shippedDate < requiredDate;"
Find the total quantity ordered of the top 5 products with the highest average quantity per order,"SELECT productCode, SUM(quantityOrdered) as total_quantity FROM orderdetails WHERE productCode IN (SELECT productCode FROM orderdetails GROUP BY productCode ORDER BY AVG(quantityOrdered) DESC LIMIT 5) GROUP BY productCode;"
Get the average number of orders per customer from each country,"SELECT country, AVG(order_count) as avg_orders FROM (SELECT country, customerNumber, COUNT(orderNumber) as order_count FROM customers JOIN orders ON customers.customerNumber = orders.customerNumber GROUP BY country, customerNumber) as country_order_counts GROUP BY country;"
List all employees who work in offices where the number of employees is greater than the average number of employees per office,"SELECT firstName, lastName FROM employees WHERE officeCode IN (SELECT officeCode FROM offices WHERE (SELECT AVG(employee_count) FROM (SELECT officeCode, COUNT(employeeNumber) as employee_count FROM employees GROUP BY officeCode) as office_counts) < (SELECT COUNT(employeeNumber) FROM employees GROUP BY officeCode));"
Find the top 5 customers with the highest total payment amount,"SELECT customerName, SUM(amount) as total_payment FROM customers JOIN payments ON customers.customerNumber = payments.customerNumber GROUP BY customerName ORDER BY total_payment DESC LIMIT 5;"
Get the names of products with their descriptions that are priced below the average MSRP,"SELECT productName, productDescription FROM products WHERE MSRP < (SELECT AVG(MSRP) FROM products);"
List the names of employees who have made sales in more than one city,"SELECT DISTINCT e1.firstName, e1.lastName FROM employees e1 JOIN customers c ON e1.employeeNumber = c.salesRepEmployeeNumber JOIN offices o ON c.officeCode = o.officeCode GROUP BY e1.employeeNumber HAVING COUNT(DISTINCT o.city) > 1;"
Find the average amount of payments made by customers in each state,"SELECT state, AVG(amount) as avg_payment FROM payments JOIN customers ON payments.customerNumber = customers.customerNumber GROUP BY state;"
List all orders with a total price (quantityOrdered * priceEach) greater than the average total price per order,SELECT orderNumber FROM orderdetails WHERE (quantityOrdered * priceEach) > (SELECT AVG(quantityOrdered * priceEach) FROM orderdetails);
Get the total number of employees in each office and the number of employees who report to each manager,"SELECT officeCode, COUNT(employeeNumber) as total_employees, SUM(CASE WHEN reportsTo IS NOT NULL THEN 1 ELSE 0 END) as reporting_employees FROM employees GROUP BY officeCode;"
Find the products with the highest quantity ordered in the last 6 months,"SELECT productCode, SUM(quantityOrdered) as total_quantity FROM orderdetails JOIN orders ON orderdetails.orderNumber = orders.orderNumber WHERE orderDate > DATE_SUB(CURDATE(), INTERVAL 6 MONTH) GROUP BY productCode ORDER BY total_quantity DESC;"
Get the total number of orders and total payment amount for each customer from each country,"SELECT country, customerNumber, COUNT(orderNumber) as total_orders, SUM(amount) as total_payments FROM customers JOIN orders ON customers.customerNumber = orders.customerNumber JOIN payments ON customers.customerNumber = payments.customerNumber GROUP BY country, customerNumber;"
List the names of employees who work in the 'Sales' department and report to managers with fewer than 5 subordinates,"SELECT e1.firstName, e1.lastName FROM employees e1 JOIN employees e2 ON e1.reportsTo = e2.employeeNumber WHERE e2.jobTitle = 'Sales' AND e2.employeeNumber IN (SELECT reportsTo FROM employees GROUP BY reportsTo HAVING COUNT(employeeNumber) < 5);"
Find the total amount of payments made by customers who have ordered products from 'Furniture' and 'Technology' product lines,"SELECT SUM(amount) as total_payment FROM payments JOIN customers ON payments.customerNumber = customers.customerNumber JOIN orders ON customers.customerNumber = orders.customerNumber JOIN orderdetails ON orders.orderNumber = orderdetails.orderNumber JOIN products ON orderdetails.productCode = products.productCode WHERE productLine IN ('Furniture', 'Technology');"
Get the names of employees who have not made any sales,"SELECT firstName, lastName FROM employees WHERE employeeNumber NOT IN (SELECT salesRepEmployeeNumber FROM customers);"
List all products where the quantity ordered is more than the median quantity ordered,SELECT productName FROM products WHERE productCode IN (SELECT productCode FROM orderdetails GROUP BY productCode HAVING SUM(quantityOrdered) > (SELECT MEDIAN(quantityOrdered) FROM orderdetails));
Find the customers who have made payments greater than their average payment amount from their respective country,SELECT customerName FROM customers JOIN payments ON customers.customerNumber = payments.customerNumber WHERE amount > (SELECT AVG(amount) FROM payments JOIN customers ON payments.customerNumber = customers.customerNumber WHERE customers.country = customers.country);
Get the top 5 products with the highest average quantity ordered per order,"SELECT productCode, AVG(quantityOrdered) as avg_quantity FROM orderdetails GROUP BY productCode ORDER BY avg_quantity DESC LIMIT 5;"
List all orders where the comments contain the word 'urgent' and the status is 'Shipped',"SELECT orderNumber, comments FROM orders WHERE comments LIKE '%urgent%' AND status = 'Shipped';"
Find the average buy price of products in the 'Sports' product line,SELECT AVG(buyPrice) as avg_buy_price FROM products WHERE productLine = 'Sports';
Get the names of customers who have ordered products from the 'Automotive' product line and made payments,SELECT customerName FROM customers JOIN orders ON customers.customerNumber = orders.customerNumber JOIN orderdetails ON orders.orderNumber = orderdetails.orderNumber JOIN products ON orderdetails.productCode = products.productCode WHERE productLine = 'Automotive' AND customerNumber IN (SELECT customerNumber FROM payments);
List the names of employees who work in offices where the number of employees is less than the number of employees in the largest office,"SELECT firstName, lastName FROM employees WHERE officeCode IN (SELECT officeCode FROM offices WHERE (SELECT MAX(employee_count) FROM (SELECT officeCode, COUNT(employeeNumber) as employee_count FROM employees GROUP BY officeCode) as office_counts) > (SELECT COUNT(employeeNumber) FROM employees WHERE officeCode = offices.officeCode));"
Find the total quantity ordered for each product in the 'Clothing' product line,"SELECT productCode, SUM(quantityOrdered) as total_quantity FROM orderdetails JOIN products ON orderdetails.productCode = products.productCode WHERE productLine = 'Clothing' GROUP BY productCode;"
Get the names of customers who have ordered products with an MSRP greater than the average MSRP,SELECT customerName FROM customers JOIN orders ON customers.customerNumber = orders.customerNumber JOIN orderdetails ON orders.orderNumber = orderdetails.orderNumber JOIN products ON orderdetails.productCode = products.productCode WHERE MSRP > (SELECT AVG(MSRP) FROM products);
List all products where the total quantity ordered is more than the median quantity ordered for their product line,SELECT productName FROM products WHERE productCode IN (SELECT productCode FROM orderdetails GROUP BY productCode HAVING SUM(quantityOrdered) > (SELECT MEDIAN(quantityOrdered) FROM orderdetails JOIN products ON orderdetails.productCode = products.productCode WHERE products.productLine = products.productLine));
Find the employees who have ordered more products than the median quantity ordered per order,"SELECT firstName, lastName FROM employees WHERE employeeNumber IN (SELECT salesRepEmployeeNumber FROM customers JOIN orders ON customers.customerNumber = orders.customerNumber JOIN orderdetails ON orders.orderNumber = orderdetails.orderNumber GROUP BY salesRepEmployeeNumber HAVING SUM(quantityOrdered) > (SELECT MEDIAN(quantityOrdered) FROM orderdetails));"
Get the names of products with a buy price higher than the average buy price for their respective product line,SELECT productName FROM products WHERE buyPrice > (SELECT AVG(buyPrice) FROM products WHERE productLine = products.productLine);
List all orders where the comments contain the word 'urgent' and the shipped date is after the required date,"SELECT orderNumber, comments FROM orders WHERE comments LIKE '%urgent%' AND shippedDate > requiredDate;"
Find the customers who have ordered products from more than two product lines,SELECT customerName FROM customers JOIN orders ON customers.customerNumber = orders.customerNumber JOIN orderdetails ON orders.orderNumber = orderdetails.orderNumber JOIN products ON orderdetails.productCode = products.productCode GROUP BY customerName HAVING COUNT(DISTINCT productLine) > 2;
Get the names of employees who work in offices with the highest number of employees,"SELECT firstName, lastName FROM employees WHERE officeCode = (SELECT officeCode FROM offices WHERE (SELECT MAX(employee_count) FROM (SELECT officeCode, COUNT(employeeNumber) as employee_count FROM employees GROUP BY officeCode) as office_counts));"
List all products where the MSRP is greater than the median MSRP of their product line,SELECT productName FROM products WHERE MSRP > (SELECT MEDIAN(MSRP) FROM products WHERE productLine = products.productLine);
Find the total payment amount made by customers who have ordered from both 'Furniture' and 'Technology' product lines,"SELECT SUM(amount) as total_payment FROM payments JOIN customers ON payments.customerNumber = customers.customerNumber JOIN orders ON customers.customerNumber = orders.customerNumber JOIN orderdetails ON orders.orderNumber = orderdetails.orderNumber JOIN products ON orderdetails.productCode = products.productCode WHERE productLine IN ('Furniture', 'Technology');"
Get the average number of products ordered per customer for each product line,"SELECT productLine, AVG(product_count) as avg_products FROM (SELECT productLine, customerNumber, COUNT(productCode) as product_count FROM customers JOIN orders ON customers.customerNumber = orders.customerNumber JOIN orderdetails ON orders.orderNumber = orderdetails.orderNumber GROUP BY productLine, customerNumber) as product_counts GROUP BY productLine;"
List all products where the quantity ordered is more than the average quantity ordered for their product line,SELECT productName FROM products WHERE productCode IN (SELECT productCode FROM orderdetails JOIN products ON orderdetails.productCode = products.productCode GROUP BY productCode HAVING SUM(quantityOrdered) > (SELECT AVG(quantityOrdered) FROM orderdetails JOIN products ON orderdetails.productCode = products.productCode WHERE products.productLine = products.productLine));
